pole_id,lat,lon,feeder_id,dt_id,seq_on_line,parent_pole_id,pole_type,ward,pincode,device_id
P-000001,12.976404,77.598193,F-01-01,D-0001,1,,LT-9m-Steel,W-014,560034,KSPDB-SD01-D-0001-0001
P-000002,12.976659,77.598314,F-01-01,D-0001,2,P-000001,LT-8m-Steel,W-014,560034,KSPDB-SD01-D-0001-0002
P-000003,12.976829,77.598387,F-01-01,D-0001,3,P-000002,LT-8m-Steel,W-014,560034,KSPDB-SD01-D-0001-0003
P-000004,12.977128,77.598491,F-01-01,D-0001,4,P-000003,LT-9m-Steel,W-014,560034,KSPDB-SD01-D-0001-0004
P-000005,12.977366,77.598705,F-01-01,D-0001,5,P-000004,LT-8m-Steel,W-014,560034,KSPDB-SD01-D-0001-0005
P-000006,12.977544,77.598821,F-01-01,D-0001,6,P-000005,LT-9m-PCC,W-014,560034,KSPDB-SD01-D-0001-0006
P-000007,12.977778,77.599087,F-01-01,D-0001,7,P-000006,LT-9m-Steel,W-014,560034,KSPDB-SD01-D-0001-0007
P-000008,12.977866,77.599219,F-01-01,D-0001,8,P-000007,LT-8m-PCC,W-014,560034,KSPDB-SD01-D-0001-0008
P-000009,12.977956,77.59954,F-01-01,D-0001,9,P-000008,LT-9m-PCC,W-014,560034,KSPDB-SD01-D-0001-0009
P-000010,12.978068,77.599843,F-01-01,D-0001,10,P-000009,LT-9m-PCC,W-014,560034,KSPDB-SD01-D-0001-0010
P-000011,12.9782,77.600067,F-01-01,D-0001,11,P-000010,LT-9m-Steel,W-014,560034,KSPDB-SD01-D-0001-0011
P-000012,12.978376,77.600203,F-01-01,D-0001,12,P-000011,LT-9m-Steel,W-014,560034,KSPDB-SD01-D-0001-0012
P-000013,12.97864,77.60039,F-01-01,D-0001,13,P-000012,LT-8m-Steel,W-014,560034,KSPDB-SD01-D-0001-0013
P-000014,12.978926,77.600554,F-01-01,D-0001,14,P-000013,LT-9m-PCC,W-014,560034,KSPDB-SD01-D-0001-0014
P-000015,12.97919,77.600685,F-01-01,D-0001,15,P-000014,LT-8m-Steel,W-014,560034,KSPDB-SD01-D-0001-0015
P-000016,12.979318,77.600823,F-01-01,D-0001,16,P-000015,LT-9m-PCC,W-014,,KSPDB-SD01-D-0001-0016
P-000017,12.979403,77.600953,F-01-01,D-0001,17,P-000016,LT-9m-PCC,W-014,560034,KSPDB-SD01-D-0001-0017
P-000018,12.979461,77.601103,F-01-01,D-0001,18,P-000017,LT-8m-PCC,W-014,560034,KSPDB-SD01-D-0001-0018
P-000019,12.979516,77.601382,F-01-01,D-0001,19,P-000018,LT-9m-PCC,W-014,560034,KSPDB-SD01-D-0001-0019
P-000020,12.979536,77.601605,F-01-01,D-0001,20,P-000019,LT-8m-Steel,W-014,560034,KSPDB-SD01-D-0001-0020
P-000021,12.979509,77.601803,F-01-01,D-0001,21,P-000020,LT-8m-Steel,W-014,560034,KSPDB-SD01-D-0001-0021
P-000022,12.979567,77.602084,F-01-01,D-0001,22,P-000021,LT-8m-PCC,W-014,560034,KSPDB-SD01-D-0001-0022
P-000023,12.979617,77.602254,F-01-01,D-0001,23,P-000022,LT-8m-Steel,W-014,560034,KSPDB-SD01-D-0001-0023
P-000024,12.979696,77.60241,F-01-01,D-0001,24,P-000023,LT-9m-Steel,W-014,560034,KSPDB-SD01-D-0001-0024
P-000025,12.97983,77.60275,F-01-01,D-0001,25,P-000024,LT-8m-PCC,W-014,560034,KSPDB-SD01-D-0001-0025
P-000026,12.979953,77.602985,F-01-01,D-0001,26,P-000025,LT-8m-Steel,W-014,560034,KSPDB-SD01-D-0001-0026
P-000027,12.980147,77.603251,F-01-01,D-0001,27,P-000026,LT-8m-Steel,W-014,560034,KSPDB-SD01-D-0001-0027
P-000028,12.980288,77.603375,F-01-01,D-0001,28,P-000027,LT-9m-Steel,W-014,560034,KSPDB-SD01-D-0001-0028
P-000029,12.980385,77.603562,F-01-01,D-0001,29,P-000028,LT-8m-PCC,W-014,560034,KSPDB-SD01-D-0001-0029
P-000030,12.980439,77.60374,F-01-01,D-0001,30,P-000029,LT-9m-Steel,W-014,560034,KSPDB-SD01-D-0001-0030
P-000031,12.980642,77.60401,F-01-01,D-0001,31,P-000030,LT-8m-PCC,W-014,560034,KSPDB-SD01-D-0001-0031
P-000032,12.980779,77.604262,F-01-01,D-0001,32,P-000031,LT-8m-PCC,W-014,560034,KSPDB-SD01-D-0001-0032
P-000033,12.98092,77.60458,F-01-01,D-0001,33,P-000032,LT-9m-PCC,W-014,560034,
P-000034,12.980994,77.604764,F-01-01,D-0001,34,P-000033,LT-8m-Steel,W-014,560034,KSPDB-SD01-D-0001-0034
P-000035,12.981043,77.605027,F-01-01,D-0001,35,P-000034,LT-8m-Steel,W-014,560034,
P-000036,12.981043,77.6053,F-01-01,D-0001,36,P-000035,LT-9m-PCC,W-014,560034,KSPDB-SD01-D-0001-0036
P-000037,12.981113,77.605519,F-01-01,D-0001,37,P-000036,LT-9m-Steel,W-014,560034,KSPDB-SD01-D-0001-0037
P-000038,12.981147,77.605885,F-01-01,D-0001,38,P-000037,LT-9m-PCC,W-014,560034,KSPDB-SD01-D-0001-0038
P-000039,12.981163,77.606044,F-01-01,D-0001,39,P-000038,LT-8m-Steel,W-014,560034,KSPDB-SD01-D-0001-0039
P-000040,12.981122,77.606202,F-01-01,D-0001,40,P-000039,LT-8m-Steel,W-014,560034,KSPDB-SD01-D-0001-0040
P-000041,12.981072,77.606519,F-01-01,D-0001,41,P-000040,LT-9m-PCC,W-014,560034,
P-000042,12.981039,77.606668,F-01-01,D-0001,42,P-000041,LT-9m-PCC,W-014,560034,KSPDB-SD01-D-0001-0042
P-000043,12.980928,77.607018,F-01-01,D-0001,43,P-000042,LT-9m-PCC,W-014,560034,KSPDB-SD01-D-0001-0043
P-000044,12.980826,77.607364,F-01-01,D-0001,44,P-000043,LT-8m-Steel,W-014,560034,KSPDB-SD01-D-0001-0044
P-000045,12.980826,77.607505,F-01-01,D-0001,45,P-000044,LT-9m-PCC,W-014,560034,
P-000046,12.980875,77.607796,F-01-01,D-0001,46,P-000045,LT-9m-PCC,W-014,560034,KSPDB-SD01-D-0001-0046
P-000047,12.980914,77.607992,F-01-01,D-0001,47,P-000046,LT-9m-Steel,W-014,560034,KSPDB-SD01-D-0001-0047
P-000048,12.980964,77.608148,F-01-01,D-0001,48,P-000047,LT-9m-PCC,W-014,560034,KSPDB-SD01-D-0001-0048
P-000049,12.981025,77.608382,F-01-01,D-0001,49,P-000048,LT-8m-Steel,W-014,560034,KSPDB-SD01-D-0001-0049
P-000050,12.981219,77.608658,F-01-01,D-0001,50,P-000049,LT-9m-Steel,W-014,560034,KSPDB-SD01-D-0001-0050
P-000051,12.981324,77.608888,F-01-01,D-0001,51,P-000050,LT-8m-PCC,W-014,560034,KSPDB-SD01-D-0001-0051
P-000052,12.973822,77.593866,F-01-01,D-0002,1,,LT-9m-PCC,W-073,560034,KSPDB-SD01-D-0002-0001
P-000053,12.973686,77.593808,F-01-01,D-0002,2,P-000052,LT-9m-Steel,W-073,560034,KSPDB-SD01-D-0002-0002
P-000054,12.973417,77.59373,F-01-01,D-0002,3,P-000053,LT-8m-PCC,W-073,560034,KSPDB-SD01-D-0002-0003
P-000055,12.973175,77.593551,F-01-01,D-0002,4,P-000054,LT-9m-Steel,W-073,560034,KSPDB-SD01-D-0002-0004
P-000056,12.973028,77.593489,F-01-01,D-0002,5,P-000055,LT-9m-PCC,W-073,560034,KSPDB-SD01-D-0002-0005
P-000057,12.972822,77.593334,F-01-01,D-0002,6,P-000056,LT-9m-Steel,W-073,560034,KSPDB-SD01-D-0002-0006
P-000058,12.972715,77.593191,F-01-01,D-0002,7,P-000057,LT-9m-PCC,W-073,560034,KSPDB-SD01-D-0002-0007
P-000059,12.972523,77.592914,F-01-01,D-0002,8,P-000058,LT-8m-PCC,W-073,,KSPDB-SD01-D-0002-0008
P-000060,12.972435,77.592603,F-01-01,D-0002,9,P-000059,LT-8m-PCC,W-073,560034,KSPDB-SD01-D-0002-0009
P-000061,12.972351,77.592467,F-01-01,D-0002,10,P-000060,LT-9m-PCC,W-073,560034,KSPDB-SD01-D-0002-0010
P-000062,12.972188,77.592264,F-01-01,D-0002,11,P-000061,LT-8m-PCC,W-073,560034,
P-000063,12.972142,77.592111,F-01-01,D-0002,12,P-000062,LT-9m-Steel,W-073,560034,KSPDB-SD01-D-0002-0012
P-000064,12.972052,77.591942,F-01-01,D-0002,13,P-000063,LT-8m-PCC,W-073,560034,KSPDB-SD01-D-0002-0013
P-000065,12.971951,77.591715,F-01-01,D-0002,14,P-000064,LT-8m-Steel,W-073,560034,KSPDB-SD01-D-0002-0014
P-000066,12.971729,77.591455,F-01-01,D-0002,15,P-000065,LT-8m-PCC,W-073,560034,KSPDB-SD01-D-0002-0015
P-000067,12.97167,77.59133,F-01-01,D-0002,16,P-000066,LT-8m-Steel,W-073,,KSPDB-SD01-D-0002-0016
P-000068,12.971549,77.591001,F-01-01,D-0002,17,P-000067,LT-9m-Steel,W-073,,KSPDB-SD01-D-0002-0017
P-000069,12.971438,77.590831,F-01-01,D-0002,18,P-000068,LT-8m-PCC,W-073,560034,KSPDB-SD01-D-0002-0018
P-000070,12.971234,77.590607,F-01-01,D-0002,19,P-000069,LT-8m-PCC,W-073,560034,KSPDB-SD01-D-0002-0019
P-000071,12.971,77.590444,F-01-01,D-0002,20,P-000070,LT-8m-PCC,W-073,560034,KSPDB-SD01-D-0002-0020
P-000072,12.970854,77.59034,F-01-01,D-0002,21,P-000071,LT-9m-Steel,W-073,560034,KSPDB-SD01-D-0002-0021
P-000073,12.970754,77.590228,F-01-01,D-0002,22,P-000072,LT-9m-Steel,W-073,560034,KSPDB-SD01-D-0002-0022
P-000074,12.970636,77.590136,F-01-01,D-0002,23,P-000073,LT-8m-Steel,W-073,560034,KSPDB-SD01-D-0002-0023
P-000075,12.970533,77.59003,F-01-01,D-0002,24,P-000074,LT-9m-PCC,W-073,560034,KSPDB-SD01-D-0002-0024
P-000076,12.970298,77.589776,F-01-01,D-0002,25,P-000075,LT-9m-Steel,W-073,560034,KSPDB-SD01-D-0002-0025
P-000077,12.970194,77.589668,F-01-01,D-0002,26,P-000076,LT-8m-PCC,W-073,560034,KSPDB-SD01-D-0002-0026
P-000078,12.969962,77.589433,F-01-01,D-0002,27,P-000077,LT-8m-Steel,W-073,560034,KSPDB-SD01-D-0002-0027
P-000079,12.969898,77.589294,F-01-01,D-0002,28,P-000078,LT-8m-PCC,W-073,560034,KSPDB-SD01-D-0002-0028
P-000080,12.969747,77.589123,F-01-01,D-0002,29,P-000079,LT-8m-PCC,W-073,560034,KSPDB-SD01-D-0002-0029
P-000081,12.969514,77.588998,F-01-01,D-0002,30,P-000080,LT-9m-Steel,W-073,560034,KSPDB-SD01-D-0002-0030
P-000082,12.969383,77.588938,F-01-01,D-0002,31,P-000081,LT-9m-PCC,W-073,560034,KSPDB-SD01-D-0002-0031
P-000083,12.969177,77.588739,F-01-01,D-0002,32,P-000082,LT-8m-PCC,W-073,560034,KSPDB-SD01-D-0002-0032
P-000084,12.96902,77.588603,F-01-01,D-0002,33,P-000083,LT-9m-Steel,W-073,560034,KSPDB-SD01-D-0002-0033
P-000085,12.968841,77.588375,F-01-01,D-0002,34,P-000084,LT-8m-Steel,W-073,560034,KSPDB-SD01-D-0002-0034
P-000086,12.968743,77.588203,F-01-01,D-0002,35,P-000085,LT-8m-PCC,W-073,560034,KSPDB-SD01-D-0002-0035
P-000087,12.968678,77.587924,F-01-01,D-0002,36,P-000086,LT-8m-Steel,W-073,560034,KSPDB-SD01-D-0002-0036
P-000088,12.96861,77.587578,F-01-01,D-0002,37,P-000087,LT-9m-Steel,W-073,560034,KSPDB-SD01-D-0002-0037
P-000089,12.968539,77.587458,F-01-01,D-0002,38,P-000088,LT-9m-Steel,W-073,560034,KSPDB-SD01-D-0002-0038
P-000090,12.968382,77.587244,F-01-01,D-0002,39,P-000089,LT-9m-Steel,W-073,560034,KSPDB-SD01-D-0002-0039
P-000091,12.9683,77.586996,F-01-01,D-0002,40,P-000090,LT-9m-Steel,W-073,560034,KSPDB-SD01-D-0002-0040
P-000092,12.968247,77.586836,F-01-01,D-0002,41,P-000091,LT-9m-Steel,W-073,560034,KSPDB-SD01-D-0002-0041
P-000093,12.968216,77.586685,F-01-01,D-0002,42,P-000092,LT-9m-PCC,W-073,560034,KSPDB-SD01-D-0002-0042
P-000094,12.968215,77.586481,F-01-01,D-0002,43,P-000093,LT-8m-Steel,W-073,560034,
P-000095,12.968226,77.586218,F-01-01,D-0002,44,P-000094,LT-9m-PCC,W-073,560034,KSPDB-SD01-D-0002-0044
P-000096,12.968298,77.585861,F-01-01,D-0002,45,P-000095,LT-8m-Steel,W-073,560034,KSPDB-SD01-D-0002-0045
P-000097,12.968287,77.585601,F-01-01,D-0002,46,P-000096,LT-8m-PCC,W-073,560034,KSPDB-SD01-D-0002-0046
P-000098,12.973841,77.593987,F-01-01,D-0002,1,,LT-8m-PCC,W-073,560034,
P-000099,12.973649,77.594013,F-01-01,D-0002,2,P-000098,LT-8m-Steel,W-073,560034,KSPDB-SD01-D-0002-0048
P-000100,12.973377,77.594146,F-01-01,D-0002,3,P-000099,LT-8m-PCC,W-073,560034,KSPDB-SD01-D-0002-0049
P-000101,12.973181,77.59418,F-01-01,D-0002,4,P-000100,LT-8m-PCC,W-073,560034,KSPDB-SD01-D-0002-0050
P-000102,12.97297,77.594166,F-01-01,D-0002,5,P-000101,LT-8m-PCC,W-073,560034,KSPDB-SD01-D-0002-0051
P-000103,12.972645,77.594195,F-01-01,D-0002,6,P-000102,LT-9m-PCC,W-073,560034,KSPDB-SD01-D-0002-0052
P-000104,12.972455,77.594213,F-01-01,D-0002,7,P-000103,LT-9m-PCC,W-073,560034,KSPDB-SD01-D-0002-0053
P-000105,12.972321,77.594273,F-01-01,D-0002,8,P-000104,LT-9m-Steel,W-073,560034,KSPDB-SD01-D-0002-0054
P-000106,12.972043,77.594438,F-01-01,D-0002,9,P-000105,LT-8m-Steel,W-073,560034,KSPDB-SD01-D-0002-0055
P-000107,12.971836,77.594473,F-01-01,D-0002,10,P-000106,LT-8m-PCC,W-073,560034,KSPDB-SD01-D-0002-0056
P-000108,12.971485,77.594424,F-01-01,D-0002,11,P-000107,LT-8m-Steel,W-073,560034,KSPDB-SD01-D-0002-0057
P-000109,12.97127,77.594329,F-01-01,D-0002,12,P-000108,LT-9m-Steel,W-073,560034,KSPDB-SD01-D-0002-0058
P-000110,12.971017,77.594265,F-01-01,D-0002,13,P-000109,LT-9m-Steel,W-073,560034,KSPDB-SD01-D-0002-0059
P-000111,12.970721,77.594078,F-01-01,D-0002,14,P-000110,LT-8m-PCC,W-073,560034,KSPDB-SD01-D-0002-0060
P-000112,12.970566,77.594011,F-01-01,D-0002,15,P-000111,LT-9m-Steel,W-073,560034,KSPDB-SD01-D-0002-0061
P-000113,12.97041,77.593855,F-01-01,D-0002,16,P-000112,LT-8m-PCC,W-073,560034,KSPDB-SD01-D-0002-0062
P-000114,12.970237,77.593697,F-01-01,D-0002,17,P-000113,LT-9m-Steel,W-073,560034,KSPDB-SD01-D-0002-0063
P-000115,12.970138,77.5935,F-01-01,D-0002,18,P-000114,LT-9m-Steel,W-073,560034,
P-000116,12.969879,77.593253,F-01-01,D-0002,19,P-000115,LT-8m-PCC,W-073,560034,KSPDB-SD01-D-0002-0065
P-000117,12.969785,77.593055,F-01-01,D-0002,20,P-000116,LT-9m-Steel,W-073,560034,KSPDB-SD01-D-0002-0066
P-000118,12.969624,77.592814,F-01-01,D-0002,21,P-000117,LT-9m-Steel,W-073,560034,KSPDB-SD01-D-0002-0067
P-000119,12.969503,77.592577,F-01-01,D-0002,22,P-000118,LT-9m-Steel,W-073,560034,KSPDB-SD01-D-0002-0068
P-000120,12.969254,77.59232,F-01-01,D-0002,23,P-000119,LT-8m-Steel,W-073,560034,KSPDB-SD01-D-0002-0069
P-000121,12.968969,77.592125,F-01-01,D-0002,24,P-000120,LT-9m-PCC,W-073,560034,KSPDB-SD01-D-0002-0070
P-000122,12.96885,77.591999,F-01-01,D-0002,25,P-000121,LT-8m-Steel,W-073,560034,KSPDB-SD01-D-0002-0071
P-000123,12.968702,77.591904,F-01-01,D-0002,26,P-000122,LT-9m-Steel,W-073,560034,KSPDB-SD01-D-0002-0072
P-000124,12.96856,77.591798,F-01-01,D-0002,27,P-000123,LT-9m-PCC,W-073,560034,KSPDB-SD01-D-0002-0073
P-000125,12.968263,77.591707,F-01-01,D-0002,28,P-000124,LT-8m-Steel,W-073,560034,KSPDB-SD01-D-0002-0074
P-000126,12.967996,77.591604,F-01-01,D-0002,29,P-000125,LT-8m-Steel,W-073,560034,KSPDB-SD01-D-0002-0075
P-000127,12.967808,77.59157,F-01-01,D-0002,30,P-000126,LT-8m-Steel,W-073,560034,KSPDB-SD01-D-0002-0076
P-000128,12.967545,77.591441,F-01-01,D-0002,31,P-000127,LT-8m-PCC,W-073,560034,KSPDB-SD01-D-0002-0077
P-000129,12.967421,77.591366,F-01-01,D-0002,32,P-000128,LT-9m-Steel,W-073,560034,
P-000130,12.96727,77.591267,F-01-01,D-0002,33,P-000129,LT-9m-Steel,W-073,560034,KSPDB-SD01-D-0002-0079
P-000131,12.967062,77.591218,F-01-01,D-0002,34,P-000130,LT-9m-PCC,W-073,560034,KSPDB-SD01-D-0002-0080
P-000132,12.966732,77.591228,F-01-01,D-0002,35,P-000131,LT-8m-Steel,W-073,560034,KSPDB-SD01-D-0002-0081
P-000133,12.966454,77.591172,F-01-01,D-0002,36,P-000132,LT-9m-Steel,W-073,560034,
P-000134,12.966264,77.591117,F-01-01,D-0002,37,P-000133,LT-8m-Steel,W-073,560034,KSPDB-SD01-D-0002-0083
P-000135,12.966013,77.590934,F-01-01,D-0002,38,P-000134,LT-9m-Steel,W-073,560034,KSPDB-SD01-D-0002-0084
P-000136,12.965828,77.590762,F-01-01,D-0002,39,P-000135,LT-8m-Steel,W-073,560034,KSPDB-SD01-D-0002-0085
P-000137,12.96556,77.590575,F-01-01,D-0002,40,P-000136,LT-9m-Steel,W-073,560034,KSPDB-SD01-D-0002-0086
P-000138,12.965454,77.590479,F-01-01,D-0002,41,P-000137,LT-9m-PCC,W-073,560034,KSPDB-SD01-D-0002-0087
P-000139,12.965278,77.590397,F-01-01,D-0002,42,P-000138,LT-8m-Steel,W-073,560034,KSPDB-SD01-D-0002-0088
P-000140,12.964946,77.590267,F-01-01,D-0002,43,P-000139,LT-9m-Steel,W-073,560034,KSPDB-SD01-D-0002-0089
P-000141,12.964746,77.590083,F-01-01,D-0002,44,P-000140,LT-9m-PCC,W-073,560034,KSPDB-SD01-D-0002-0090
P-000142,12.964542,77.589841,F-01-01,D-0002,45,P-000141,LT-9m-PCC,W-073,560034,KSPDB-SD01-D-0002-0091
P-000143,12.964323,77.589554,F-01-01,D-0002,46,P-000142,LT-9m-Steel,W-073,560034,KSPDB-SD01-D-0002-0092
P-000144,12.964205,77.58923,F-01-01,D-0002,47,P-000143,LT-8m-Steel,W-073,560034,KSPDB-SD01-D-0002-0093
P-000145,12.96419,77.589082,F-01-01,D-0002,48,P-000144,LT-8m-PCC,W-073,560034,KSPDB-SD01-D-0002-0094
P-000146,12.964175,77.588825,F-01-01,D-0002,49,P-000145,LT-9m-PCC,W-073,560034,KSPDB-SD01-D-0002-0095
P-000147,12.964089,77.588542,F-01-01,D-0002,50,P-000146,LT-9m-PCC,W-073,560034,KSPDB-SD01-D-0002-0096
P-000148,12.963906,77.588297,F-01-01,D-0002,51,P-000147,LT-9m-Steel,W-073,560034,KSPDB-SD01-D-0002-0097
P-000149,12.965834,77.590574,F-01-01,D-0002,1,P-000137,LT-8m-PCC,W-073,560034,KSPDB-SD01-D-0002-0098
P-000150,12.965996,77.590552,F-01-01,D-0002,2,P-000149,LT-8m-PCC,W-073,,KSPDB-SD01-D-0002-0099
P-000151,12.966219,77.59044,F-01-01,D-0002,3,P-000150,LT-8m-PCC,W-073,560034,KSPDB-SD01-D-0002-0100
P-000152,12.966392,77.590321,F-01-01,D-0002,4,P-000151,LT-9m-Steel,W-073,560034,KSPDB-SD01-D-0002-0101
P-000153,12.966582,77.590141,F-01-01,D-0002,5,P-000152,LT-8m-Steel,W-073,560034,KSPDB-SD01-D-0002-0102
P-000154,12.966832,77.590001,F-01-01,D-0002,6,P-000153,LT-9m-PCC,W-073,560034,
P-000155,12.96711,77.58988,F-01-01,D-0002,7,P-000154,LT-9m-Steel,W-073,560034,KSPDB-SD01-D-0002-0104
P-000156,12.96737,77.589841,F-01-01,D-0002,8,P-000155,LT-8m-PCC,W-073,560034,KSPDB-SD01-D-0002-0105
P-000157,12.967692,77.589819,F-01-01,D-0002,9,P-000156,LT-9m-PCC,W-073,560034,
P-000158,12.967873,77.589836,F-01-01,D-0002,10,P-000157,LT-9m-PCC,W-073,560034,KSPDB-SD01-D-0002-0107
P-000159,12.968141,77.589798,F-01-01,D-0002,11,P-000158,LT-8m-PCC,W-073,560034,KSPDB-SD01-D-0002-0108
P-000160,12.968375,77.589799,F-01-01,D-0002,12,P-000159,LT-8m-PCC,W-073,560034,KSPDB-SD01-D-0002-0109
P-000161,12.968622,77.589764,F-01-01,D-0002,13,P-000160,LT-9m-PCC,W-073,560034,KSPDB-SD01-D-0002-0110
P-000162,12.968949,77.589633,F-01-01,D-0002,14,P-000161,LT-9m-PCC,W-073,560034,KSPDB-SD01-D-0002-0111
P-000163,12.969188,77.589479,F-01-01,D-0002,15,P-000162,LT-8m-Steel,W-073,560034,
P-000164,12.969451,77.589369,F-01-01,D-0002,16,P-000163,LT-8m-Steel,W-073,560034,
P-000165,12.969589,77.589295,F-01-01,D-0002,17,P-000164,LT-9m-Steel,W-073,560034,KSPDB-SD01-D-0002-0114
P-000166,12.969713,77.589151,F-01-01,D-0002,18,P-000165,LT-9m-PCC,W-073,560034,KSPDB-SD01-D-0002-0115
P-000167,12.969956,77.588944,F-01-01,D-0002,19,P-000166,LT-8m-Steel,W-073,560034,KSPDB-SD01-D-0002-0116
P-000168,12.970089,77.588884,F-01-01,D-0002,20,P-000167,LT-9m-PCC,W-073,560034,KSPDB-SD01-D-0002-0117
P-000169,12.970279,77.588685,F-01-01,D-0002,21,P-000168,LT-8m-PCC,W-073,560034,KSPDB-SD01-D-0002-0118
P-000170,12.970405,77.588478,F-01-01,D-0002,22,P-000169,LT-8m-Steel,W-073,560034,KSPDB-SD01-D-0002-0119
P-000171,12.97047,77.588216,F-01-01,D-0002,23,P-000170,LT-8m-PCC,W-073,560034,KSPDB-SD01-D-0002-0120
P-000172,12.970486,77.58799,F-01-01,D-0002,24,P-000171,LT-8m-PCC,W-073,560034,KSPDB-SD01-D-0002-0121
P-000173,12.970512,77.587819,F-01-01,D-0002,25,P-000172,LT-8m-PCC,W-073,560034,KSPDB-SD01-D-0002-0122
P-000174,12.970514,77.587475,F-01-01,D-0002,26,P-000173,LT-9m-Steel,W-073,560034,KSPDB-SD01-D-0002-0123
P-000175,12.970421,77.587147,F-01-01,D-0002,27,P-000174,LT-8m-PCC,W-073,560034,
P-000176,12.970331,77.586982,F-01-01,D-0002,28,P-000175,LT-9m-Steel,W-073,560034,KSPDB-SD01-D-0002-0125
P-000177,12.970133,77.586763,F-01-01,D-0002,29,P-000176,LT-9m-PCC,W-073,560034,KSPDB-SD01-D-0002-0126
P-000178,12.969961,77.586563,F-01-01,D-0002,30,P-000177,LT-9m-PCC,W-073,560034,KSPDB-SD01-D-0002-0127
P-000179,12.96982,77.586481,F-01-01,D-0002,31,P-000178,LT-8m-Steel,W-073,560034,KSPDB-SD01-D-0002-0128
P-000180,12.969655,77.586303,F-01-01,D-0002,32,P-000179,LT-8m-Steel,W-073,560034,KSPDB-SD01-D-0002-0129
P-000181,12.969471,77.586115,F-01-01,D-0002,33,P-000180,LT-9m-Steel,W-073,560034,KSPDB-SD01-D-0002-0130
P-000182,12.969289,77.585864,F-01-01,D-0002,34,P-000181,LT-9m-PCC,W-073,560034,KSPDB-SD01-D-0002-0131
P-000183,12.969111,77.585594,F-01-01,D-0002,35,P-000182,LT-8m-Steel,W-073,560034,KSPDB-SD01-D-0002-0132
P-000184,12.968929,77.585449,F-01-01,D-0002,36,P-000183,LT-8m-Steel,W-073,560034,
P-000185,12.968708,77.585369,F-01-01,D-0002,37,P-000184,LT-8m-Steel,W-073,560034,KSPDB-SD01-D-0002-0134
P-000186,12.968439,77.585176,F-01-01,D-0002,38,P-000185,LT-9m-PCC,W-073,560034,KSPDB-SD01-D-0002-0135
P-000187,12.968197,77.584988,F-01-01,D-0002,39,P-000186,LT-8m-Steel,W-073,560034,KSPDB-SD01-D-0002-0136
P-000188,12.968014,77.584913,F-01-01,D-0002,40,P-000187,LT-9m-PCC,W-073,560034,
P-000189,12.967773,77.584875,F-01-01,D-0002,41,P-000188,LT-8m-PCC,W-073,560034,KSPDB-SD01-D-0002-0138
P-000190,12.967555,77.584789,F-01-01,D-0002,42,P-000189,LT-8m-PCC,W-073,560034,KSPDB-SD01-D-0002-0139
P-000191,12.967371,77.584752,F-01-01,D-0002,43,P-000190,LT-8m-PCC,W-073,560034,KSPDB-SD01-D-0002-0140
P-000192,12.967053,77.584643,F-01-01,D-0002,44,P-000191,LT-9m-Steel,W-073,560034,KSPDB-SD01-D-0002-0141
P-000193,12.96692,77.584536,F-01-01,D-0002,45,P-000192,LT-9m-PCC,W-073,560034,KSPDB-SD01-D-0002-0142
P-000194,12.966797,77.584418,F-01-01,D-0002,46,P-000193,LT-8m-Steel,W-073,560034,KSPDB-SD01-D-0002-0143
P-000195,12.96667,77.584223,F-01-01,D-0002,47,P-000194,LT-9m-Steel,W-073,560034,KSPDB-SD01-D-0002-0144
P-000196,12.966565,77.584002,F-01-01,D-0002,48,P-000195,LT-9m-Steel,W-073,560034,KSPDB-SD01-D-0002-0145
P-000197,12.966532,77.583674,F-01-01,D-0002,49,P-000196,LT-8m-PCC,W-073,560034,
P-000198,12.966528,77.583358,F-01-01,D-0002,50,P-000197,LT-9m-PCC,W-073,560034,KSPDB-SD01-D-0002-0147
P-000199,12.966477,77.583225,F-01-01,D-0002,51,P-000198,LT-8m-Steel,W-073,560034,KSPDB-SD01-D-0002-0148
P-000200,12.973756,77.59427,F-01-01,D-0002,1,,LT-9m-Steel,W-073,560034,KSPDB-SD01-D-0002-0149
P-000201,12.973578,77.594407,F-01-01,D-0002,2,P-000200,LT-8m-Steel,W-073,560034,KSPDB-SD01-D-0002-0150
P-000202,12.973392,77.594677,F-01-01,D-0002,3,P-000201,LT-8m-PCC,W-073,560034,KSPDB-SD01-D-0002-0151
P-000203,12.973226,77.594933,F-01-01,D-0002,4,P-000202,LT-9m-PCC,W-073,560034,KSPDB-SD01-D-0002-0152
P-000204,12.973112,77.595258,F-01-01,D-0002,5,P-000203,LT-8m-Steel,W-073,560034,KSPDB-SD01-D-0002-0153
P-000205,12.973044,77.595446,F-01-01,D-0002,6,P-000204,LT-8m-Steel,W-073,560034,KSPDB-SD01-D-0002-0154
P-000206,12.972965,77.595659,F-01-01,D-0002,7,P-000205,LT-9m-Steel,W-073,560034,KSPDB-SD01-D-0002-0155
P-000207,12.972893,77.595973,F-01-01,D-0002,8,P-000206,LT-8m-Steel,W-073,560034,KSPDB-SD01-D-0002-0156
P-000208,12.972876,77.596304,F-01-01,D-0002,9,P-000207,LT-9m-PCC,W-073,560034,KSPDB-SD01-D-0002-0157
P-000209,12.972975,77.596654,F-01-01,D-0002,10,P-000208,LT-9m-PCC,W-073,560034,KSPDB-SD01-D-0002-0158
P-000210,12.973079,77.596985,F-01-01,D-0002,11,P-000209,LT-8m-Steel,W-073,560034,KSPDB-SD01-D-0002-0159
P-000211,12.973185,77.597254,F-01-01,D-0002,12,P-000210,LT-9m-Steel,W-073,560034,KSPDB-SD01-D-0002-0160
P-000212,12.973197,77.597491,F-01-01,D-0002,13,P-000211,LT-9m-Steel,W-073,560034,KSPDB-SD01-D-0002-0161
P-000213,12.973256,77.597661,F-01-01,D-0002,14,P-000212,LT-8m-PCC,W-073,560034,KSPDB-SD01-D-0002-0162
P-000214,12.973288,77.597872,F-01-01,D-0002,15,P-000213,LT-9m-PCC,W-073,560034,KSPDB-SD01-D-0002-0163
P-000215,12.973313,77.598087,F-01-01,D-0002,16,P-000214,LT-8m-PCC,W-073,560034,KSPDB-SD01-D-0002-0164
P-000216,12.973393,77.598271,F-01-01,D-0002,17,P-000215,LT-9m-Steel,W-073,560034,KSPDB-SD01-D-0002-0165
P-000217,12.973555,77.598438,F-01-01,D-0002,18,P-000216,LT-8m-PCC,W-073,560034,KSPDB-SD01-D-0002-0166
P-000218,12.973763,77.598561,F-01-01,D-0002,19,P-000217,LT-9m-Steel,W-073,560034,KSPDB-SD01-D-0002-0167
P-000219,12.973902,77.598609,F-01-01,D-0002,20,P-000218,LT-8m-PCC,W-073,560034,KSPDB-SD01-D-0002-0168
P-000220,12.974087,77.598601,F-01-01,D-0002,21,P-000219,LT-8m-PCC,W-073,560034,KSPDB-SD01-D-0002-0169
P-000221,12.97442,77.598709,F-01-01,D-0002,22,P-000220,LT-9m-PCC,W-073,560034,
P-000222,12.974531,77.5988,F-01-01,D-0002,23,P-000221,LT-9m-PCC,W-073,560034,
P-000223,12.974738,77.599055,F-01-01,D-0002,24,P-000222,LT-8m-PCC,W-073,560034,KSPDB-SD01-D-0002-0172
P-000224,12.974872,77.59919,F-01-01,D-0002,25,P-000223,LT-9m-Steel,W-073,560034,
P-000225,12.974984,77.599309,F-01-01,D-0002,26,P-000224,LT-9m-Steel,W-073,560034,KSPDB-SD01-D-0002-0174
P-000226,12.9752,77.599413,F-01-01,D-0002,27,P-000225,LT-9m-PCC,W-073,560034,KSPDB-SD01-D-0002-0175
P-000227,12.975375,77.599546,F-01-01,D-0002,28,P-000226,LT-9m-PCC,W-073,560034,KSPDB-SD01-D-0002-0176
P-000228,12.975674,77.599735,F-01-01,D-0002,29,P-000227,LT-8m-Steel,W-073,560034,KSPDB-SD01-D-0002-0177
P-000229,12.975962,77.599852,F-01-01,D-0002,30,P-000228,LT-9m-PCC,W-073,560034,KSPDB-SD01-D-0002-0178
P-000230,12.976126,77.599978,F-01-01,D-0002,31,P-000229,LT-9m-Steel,W-073,560034,KSPDB-SD01-D-0002-0179
P-000231,12.976412,77.600172,F-01-01,D-0002,32,P-000230,LT-9m-PCC,W-073,560034,KSPDB-SD01-D-0002-0180
P-000232,12.976706,77.600346,F-01-01,D-0002,33,P-000231,LT-8m-Steel,W-073,560034,KSPDB-SD01-D-0002-0181
P-000233,12.976987,77.600553,F-01-01,D-0002,34,P-000232,LT-8m-PCC,W-073,560034,KSPDB-SD01-D-0002-0182
P-000234,12.977161,77.600762,F-01-01,D-0002,35,P-000233,LT-8m-PCC,W-073,560034,
P-000235,12.977317,77.600871,F-01-01,D-0002,36,P-000234,LT-9m-Steel,W-073,560034,KSPDB-SD01-D-0002-0184
P-000236,12.9775,77.60096,F-01-01,D-0002,37,P-000235,LT-8m-Steel,W-073,560034,KSPDB-SD01-D-0002-0185
P-000237,12.972709,77.596833,F-01-01,D-0003,,,LT-8m-PCC,W-002,560034,KSPDB-SD01-D-0003-0001
P-000238,12.972461,77.596762,F-01-01,D-0003,,,LT-9m-Steel,W-002,560034,KSPDB-SD01-D-0003-0002
P-000239,12.972265,77.596698,F-01-01,D-0003,,,LT-8m-Steel,W-002,560034,KSPDB-SD01-D-0003-0003
P-000240,12.971947,77.59654,F-01-01,D-0003,,,LT-9m-PCC,W-002,560034,KSPDB-SD01-D-0003-0004
P-000241,12.971731,77.596411,F-01-01,D-0003,,,LT-8m-PCC,W-002,560034,KSPDB-SD01-D-0003-0005
P-000242,12.971451,77.596372,F-01-01,D-0003,,,LT-9m-Steel,W-002,560034,KSPDB-SD01-D-0003-0006
P-000243,12.971225,77.596348,F-01-01,D-0003,,,LT-9m-Steel,W-002,560034,KSPDB-SD01-D-0003-0007
P-000244,12.971022,77.596271,F-01-01,D-0003,,,LT-8m-PCC,W-002,560034,KSPDB-SD01-D-0003-0008
P-000245,12.97075,77.59623,F-01-01,D-0003,,,LT-9m-Steel,W-002,560034,KSPDB-SD01-D-0003-0009
P-000246,12.97057,77.596241,F-01-01,D-0003,,,LT-8m-PCC,W-002,560034,KSPDB-SD01-D-0003-0010
P-000247,12.970228,77.596277,F-01-01,D-0003,,,LT-9m-Steel,W-002,560034,KSPDB-SD01-D-0003-0011
P-000248,12.969937,77.596292,F-01-01,D-0003,,,LT-8m-Steel,W-002,560034,KSPDB-SD01-D-0003-0012
P-000249,12.969595,77.596202,F-01-01,D-0003,,,LT-8m-PCC,W-002,560034,KSPDB-SD01-D-0003-0013
P-000250,12.969409,77.59617,F-01-01,D-0003,,,LT-8m-PCC,W-002,560034,KSPDB-SD01-D-0003-0014
P-000251,12.969175,77.596057,F-01-01,D-0003,,,LT-9m-PCC,W-002,560034,KSPDB-SD01-D-0003-0015
P-000252,12.969031,77.595996,F-01-01,D-0003,,,LT-8m-Steel,W-002,560034,KSPDB-SD01-D-0003-0016
P-000253,12.968692,77.595995,F-01-01,D-0003,,,LT-8m-PCC,W-002,560034,KSPDB-SD01-D-0003-0017
P-000254,12.968531,77.595989,F-01-01,D-0003,,,LT-9m-Steel,W-002,560034,KSPDB-SD01-D-0003-0018
P-000255,12.968291,77.596048,F-01-01,D-0003,,,LT-9m-Steel,W-002,560034,KSPDB-SD01-D-0003-0019
P-000256,12.968062,77.596149,F-01-01,D-0003,,,LT-9m-Steel,W-002,560034,
P-000257,12.967748,77.596222,F-01-01,D-0003,,,LT-9m-PCC,W-002,560034,KSPDB-SD01-D-0003-0021
P-000258,12.967592,77.596333,F-01-01,D-0003,,,LT-8m-PCC,W-002,560034,KSPDB-SD01-D-0003-0022
P-000259,12.967416,77.59647,F-01-01,D-0003,,,LT-9m-Steel,W-002,560034,KSPDB-SD01-D-0003-0023
P-000260,12.972949,77.597342,F-01-01,D-0003,,,LT-9m-PCC,W-002,560034,KSPDB-SD01-D-0003-0024
P-000261,12.972837,77.597641,F-01-01,D-0003,,,LT-9m-PCC,W-002,560034,KSPDB-SD01-D-0003-0025
P-000262,12.972692,77.597962,F-01-01,D-0003,,,LT-8m-PCC,W-002,560034,KSPDB-SD01-D-0003-0026
P-000263,12.972559,77.59826,F-01-01,D-0003,,,LT-9m-Steel,W-002,560034,KSPDB-SD01-D-0003-0027
P-000264,12.972445,77.598431,F-01-01,D-0003,,,LT-8m-Steel,W-002,560034,KSPDB-SD01-D-0003-0028
P-000265,12.972263,77.598748,F-01-01,D-0003,,,LT-9m-Steel,W-002,560034,
P-000266,12.972176,77.598896,F-01-01,D-0003,,,LT-8m-Steel,W-002,560034,KSPDB-SD01-D-0003-0030
P-000267,12.972073,77.599086,F-01-01,D-0003,,,LT-8m-Steel,W-002,560034,KSPDB-SD01-D-0003-0031
P-000268,12.971957,77.599321,F-01-01,D-0003,,,LT-9m-Steel,W-002,560034,
P-000269,12.971857,77.599507,F-01-01,D-0003,,,LT-8m-Steel,W-002,560034,KSPDB-SD01-D-0003-0033
P-000270,12.971657,77.599725,F-01-01,D-0003,,,LT-9m-PCC,W-002,560034,KSPDB-SD01-D-0003-0034
P-000271,12.971537,77.599873,F-01-01,D-0003,,,LT-9m-PCC,W-002,560034,KSPDB-SD01-D-0003-0035
P-000272,12.971471,77.600005,F-01-01,D-0003,,,LT-9m-Steel,W-002,560034,KSPDB-SD01-D-0003-0036
P-000273,12.97139,77.600294,F-01-01,D-0003,,,LT-8m-PCC,W-002,560034,KSPDB-SD01-D-0003-0037
P-000274,12.971384,77.600521,F-01-01,D-0003,,,LT-9m-PCC,W-002,560034,KSPDB-SD01-D-0003-0038
P-000275,12.971416,77.600847,F-01-01,D-0003,,,LT-9m-Steel,W-002,560034,KSPDB-SD01-D-0003-0039
P-000276,12.97153,77.60107,F-01-01,D-0003,,,LT-8m-Steel,W-002,560034,KSPDB-SD01-D-0003-0040
P-000277,12.971559,77.601322,F-01-01,D-0003,,,LT-9m-PCC,W-002,560034,KSPDB-SD01-D-0003-0041
P-000278,12.97162,77.601655,F-01-01,D-0003,,,LT-9m-Steel,W-002,560034,KSPDB-SD01-D-0003-0042
P-000279,12.971729,77.601867,F-01-01,D-0003,,,LT-9m-Steel,W-002,560034,KSPDB-SD01-D-0003-0043
P-000280,12.971845,77.60208,F-01-01,D-0003,,,LT-8m-PCC,W-002,560034,
P-000281,12.971988,77.60226,F-01-01,D-0003,,,LT-8m-Steel,W-002,560034,KSPDB-SD01-D-0003-0045
P-000282,12.972111,77.60238,F-01-01,D-0003,,,LT-8m-Steel,W-002,560034,KSPDB-SD01-D-0003-0046
P-000283,12.97236,77.602636,F-01-01,D-0003,,,LT-8m-Steel,W-002,560034,KSPDB-SD01-D-0003-0047
P-000284,12.972536,77.602873,F-01-01,D-0003,,,LT-9m-Steel,W-002,560034,
P-000285,12.972765,77.603112,F-01-01,D-0003,,,LT-9m-Steel,W-002,560034,KSPDB-SD01-D-0003-0049
P-000286,12.97305,77.603277,F-01-01,D-0003,,,LT-8m-Steel,W-002,560034,KSPDB-SD01-D-0003-0050
P-000287,12.972216,77.602154,F-01-01,D-0003,,,LT-9m-Steel,W-002,560034,KSPDB-SD01-D-0003-0051
P-000288,12.972325,77.601897,F-01-01,D-0003,,,LT-8m-PCC,W-002,560034,KSPDB-SD01-D-0003-0052
P-000289,12.972493,77.601656,F-01-01,D-0003,,,LT-9m-Steel,W-002,560034,KSPDB-SD01-D-0003-0053
P-000290,12.972626,77.601523,F-01-01,D-0003,,,LT-9m-Steel,W-002,560034,KSPDB-SD01-D-0003-0054
P-000291,12.972945,77.601365,F-01-01,D-0003,,,LT-9m-PCC,W-002,560034,KSPDB-SD01-D-0003-0055
P-000292,12.973177,77.601181,F-01-01,D-0003,,,LT-8m-PCC,W-002,560034,
P-000293,12.973339,77.601122,F-01-01,D-0003,,,LT-9m-PCC,W-002,560034,KSPDB-SD01-D-0003-0057
P-000294,12.973478,77.601097,F-01-01,D-0003,,,LT-8m-Steel,W-002,560034,KSPDB-SD01-D-0003-0058
P-000295,12.973625,77.601091,F-01-01,D-0003,,,LT-8m-Steel,W-002,560034,KSPDB-SD01-D-0003-0059
P-000296,12.973856,77.601109,F-01-01,D-0003,,,LT-8m-PCC,W-002,560034,KSPDB-SD01-D-0003-0060
P-000297,12.974074,77.601173,F-01-01,D-0003,,,LT-9m-Steel,W-002,560034,KSPDB-SD01-D-0003-0061
P-000298,12.974248,77.601198,F-01-01,D-0003,,,LT-9m-PCC,W-002,560034,KSPDB-SD01-D-0003-0062
P-000299,12.974499,77.601305,F-01-01,D-0003,,,LT-8m-PCC,W-002,560034,
P-000300,12.974753,77.601444,F-01-01,D-0003,,,LT-9m-PCC,W-002,560034,KSPDB-SD01-D-0003-0064
P-000301,12.974987,77.601572,F-01-01,D-0003,,,LT-9m-Steel,W-002,560034,KSPDB-SD01-D-0003-0065
P-000302,12.975199,77.601757,F-01-01,D-0003,,,LT-9m-PCC,W-002,560034,KSPDB-SD01-D-0003-0066
P-000303,12.974212,77.589306,F-01-01,D-0004,,,LT-8m-PCC,W-074,560034,KSPDB-SD01-D-0004-0001
P-000304,12.974095,77.589401,F-01-01,D-0004,,,LT-8m-PCC,W-074,560034,KSPDB-SD01-D-0004-0002
P-000305,12.973892,77.589679,F-01-01,D-0004,,,LT-9m-Steel,W-074,560034,KSPDB-SD01-D-0004-0003
P-000306,12.97373,77.589841,F-01-01,D-0004,,,LT-9m-PCC,W-074,560034,KSPDB-SD01-D-0004-0004
P-000307,12.973422,77.590006,F-01-01,D-0004,,,LT-8m-PCC,W-074,560034,KSPDB-SD01-D-0004-0005
P-000308,12.973189,77.590087,F-01-01,D-0004,,,LT-9m-PCC,W-074,560034,
P-000309,12.972855,77.590088,F-01-01,D-0004,,,LT-9m-Steel,W-074,560034,KSPDB-SD01-D-0004-0007
P-000310,12.972629,77.590019,F-01-01,D-0004,,,LT-8m-Steel,W-074,560034,KSPDB-SD01-D-0004-0008
P-000311,12.97233,77.589973,F-01-01,D-0004,,,LT-8m-PCC,W-074,560034,KSPDB-SD01-D-0004-0009
P-000312,12.972106,77.59002,F-01-01,D-0004,,,LT-9m-Steel,W-074,560034,KSPDB-SD01-D-0004-0010
P-000313,12.97195,77.590088,F-01-01,D-0004,,,LT-9m-PCC,W-074,560034,KSPDB-SD01-D-0004-0011
P-000314,12.971802,77.59014,F-01-01,D-0004,,,LT-8m-PCC,W-074,560034,KSPDB-SD01-D-0004-0012
P-000315,12.971587,77.590214,F-01-01,D-0004,,,LT-9m-PCC,W-074,560034,KSPDB-SD01-D-0004-0013
P-000316,12.971477,77.590306,F-01-01,D-0004,,,LT-8m-Steel,W-074,560034,KSPDB-SD01-D-0004-0014
P-000317,12.971281,77.590438,F-01-01,D-0004,,,LT-8m-PCC,W-074,560034,KSPDB-SD01-D-0004-0015
P-000318,12.971088,77.590709,F-01-01,D-0004,,,LT-8m-PCC,W-074,560034,KSPDB-SD01-D-0004-0016
P-000319,12.970853,77.590881,F-01-01,D-0004,,,LT-9m-PCC,W-074,560034,
P-000320,12.970572,77.591103,F-01-01,D-0004,,,LT-8m-PCC,W-074,560034,KSPDB-SD01-D-0004-0018
P-000321,12.97038,77.591221,F-01-01,D-0004,,,LT-9m-Steel,W-074,560034,KSPDB-SD01-D-0004-0019
P-000322,12.970225,77.59127,F-01-01,D-0004,,,LT-9m-Steel,W-074,560034,KSPDB-SD01-D-0004-0020
P-000323,12.970026,77.591401,F-01-01,D-0004,,,LT-8m-Steel,W-074,560034,
P-000324,12.969813,77.591586,F-01-01,D-0004,,,LT-9m-Steel,W-074,560034,KSPDB-SD01-D-0004-0022
P-000325,12.969714,77.591687,F-01-01,D-0004,,,LT-8m-Steel,W-074,560034,KSPDB-SD01-D-0004-0023
P-000326,12.969613,77.591852,F-01-01,D-0004,,,LT-9m-PCC,W-074,560034,KSPDB-SD01-D-0004-0024
P-000327,12.969415,77.592027,F-01-01,D-0004,,,LT-9m-PCC,W-074,560034,KSPDB-SD01-D-0004-0025
P-000328,12.969129,77.59214,F-01-01,D-0004,,,LT-8m-Steel,W-074,560034,KSPDB-SD01-D-0004-0026
P-000329,12.968947,77.592164,F-01-01,D-0004,,,LT-9m-Steel,W-074,560034,KSPDB-SD01-D-0004-0027
P-000330,12.968758,77.592253,F-01-01,D-0004,,,LT-9m-Steel,W-074,560034,KSPDB-SD01-D-0004-0028
P-000331,12.968424,77.592303,F-01-01,D-0004,,,LT-8m-Steel,W-074,560034,KSPDB-SD01-D-0004-0029
P-000332,12.968107,77.592219,F-01-01,D-0004,,,LT-8m-Steel,W-074,560034,KSPDB-SD01-D-0004-0030
P-000333,12.967966,77.592133,F-01-01,D-0004,,,LT-9m-PCC,W-074,560034,KSPDB-SD01-D-0004-0031
P-000334,12.967837,77.592013,F-01-01,D-0004,,,LT-8m-Steel,W-074,560034,KSPDB-SD01-D-0004-0032
P-000335,12.967722,77.591931,F-01-01,D-0004,,,LT-9m-Steel,W-074,560034,
P-000336,12.967552,77.591662,F-01-01,D-0004,,,LT-8m-Steel,W-074,560034,KSPDB-SD01-D-0004-0034
P-000337,12.967478,77.591463,F-01-01,D-0004,,,LT-8m-Steel,W-074,560034,KSPDB-SD01-D-0004-0035
P-000338,12.969219,77.592301,F-01-01,D-0004,,,LT-8m-Steel,W-074,560034,KSPDB-SD01-D-0004-0036
P-000339,12.969494,77.592445,F-01-01,D-0004,,,LT-9m-PCC,W-074,560034,KSPDB-SD01-D-0004-0037
P-000340,12.969637,77.592519,F-01-01,D-0004,,,LT-8m-Steel,W-074,560034,KSPDB-SD01-D-0004-0038
P-000341,12.969947,77.592677,F-01-01,D-0004,,,LT-8m-PCC,W-074,560034,KSPDB-SD01-D-0004-0039
P-000342,12.970158,77.592911,F-01-01,D-0004,,,LT-8m-PCC,W-074,560034,
P-000343,12.970375,77.593042,F-01-01,D-0004,,,LT-8m-PCC,W-074,560034,
P-000344,12.970672,77.593235,F-01-01,D-0004,,,LT-9m-Steel,W-074,560034,KSPDB-SD01-D-0004-0042
P-000345,12.970819,77.593433,F-01-01,D-0004,,,LT-9m-Steel,W-074,560034,KSPDB-SD01-D-0004-0043
P-000346,12.970976,77.593682,F-01-01,D-0004,,,LT-8m-Steel,W-074,560034,KSPDB-SD01-D-0004-0044
P-000347,12.971158,77.593975,F-01-01,D-0004,,,LT-8m-PCC,W-074,560034,KSPDB-SD01-D-0004-0045
P-000348,12.971192,77.594128,F-01-01,D-0004,,,LT-9m-PCC,W-074,560034,KSPDB-SD01-D-0004-0046
P-000349,12.971238,77.594274,F-01-01,D-0004,,,LT-8m-PCC,W-074,560034,
P-000350,12.971275,77.594556,F-01-01,D-0004,,,LT-8m-PCC,W-074,560034,KSPDB-SD01-D-0004-0048
P-000351,12.971311,77.594766,F-01-01,D-0004,,,LT-9m-Steel,W-074,560034,KSPDB-SD01-D-0004-0049
P-000352,12.971447,77.594985,F-01-01,D-0004,,,LT-9m-Steel,W-074,560034,
P-000353,12.971584,77.595225,F-01-01,D-0004,,,LT-9m-PCC,W-074,560034,KSPDB-SD01-D-0004-0051
P-000354,12.971645,77.595519,F-01-01,D-0004,,,LT-9m-Steel,W-074,560034,KSPDB-SD01-D-0004-0052
P-000355,12.971777,77.595773,F-01-01,D-0004,,,LT-9m-PCC,W-074,560034,KSPDB-SD01-D-0004-0053
P-000356,12.97197,77.596004,F-01-01,D-0004,,,LT-9m-Steel,W-074,560034,KSPDB-SD01-D-0004-0054
P-000357,12.972079,77.596219,F-01-01,D-0004,,,LT-8m-PCC,W-074,560034,KSPDB-SD01-D-0004-0055
P-000358,12.972133,77.596428,F-01-01,D-0004,,,LT-8m-PCC,W-074,560034,
P-000359,12.972184,77.596657,F-01-01,D-0004,,,LT-9m-PCC,W-074,,KSPDB-SD01-D-0004-0057
P-000360,12.972161,77.596892,F-01-01,D-0004,,,LT-9m-PCC,W-074,560034,KSPDB-SD01-D-0004-0058
P-000361,12.972168,77.597116,F-01-01,D-0004,,,LT-9m-Steel,W-074,560034,KSPDB-SD01-D-0004-0059
P-000362,12.972085,77.597457,F-01-01,D-0004,,,LT-9m-Steel,W-074,560034,KSPDB-SD01-D-0004-0060
P-000363,12.971906,77.597731,F-01-01,D-0004,,,LT-9m-PCC,W-074,560034,KSPDB-SD01-D-0004-0061
P-000364,12.971781,77.597828,F-01-01,D-0004,,,LT-9m-PCC,W-074,560034,KSPDB-SD01-D-0004-0062
P-000365,12.971571,77.598072,F-01-01,D-0004,,,LT-8m-PCC,W-074,560034,KSPDB-SD01-D-0004-0063
P-000366,12.971403,77.598284,F-01-01,D-0004,,,LT-8m-PCC,W-074,560034,
P-000367,12.97128,77.598457,F-01-01,D-0004,,,LT-9m-PCC,W-074,560034,KSPDB-SD01-D-0004-0065
P-000368,12.971108,77.598588,F-01-01,D-0004,,,LT-8m-PCC,W-074,,KSPDB-SD01-D-0004-0066
P-000369,12.97089,77.598804,F-01-01,D-0004,,,LT-8m-Steel,W-074,560034,KSPDB-SD01-D-0004-0067
P-000370,12.970746,77.59907,F-01-01,D-0004,,,LT-9m-Steel,W-074,560034,KSPDB-SD01-D-0004-0068
P-000371,12.97071,77.599345,F-01-01,D-0004,,,LT-8m-PCC,W-074,560034,KSPDB-SD01-D-0004-0069
P-000372,12.970645,77.599608,F-01-01,D-0004,,,LT-8m-Steel,W-074,560034,KSPDB-SD01-D-0004-0070
P-000373,12.970514,77.599864,F-01-01,D-0004,,,LT-9m-PCC,W-074,560034,KSPDB-SD01-D-0004-0071
P-000374,12.970411,77.599989,F-01-01,D-0004,,,LT-8m-PCC,W-074,560034,KSPDB-SD01-D-0004-0072
P-000375,12.970322,77.600192,F-01-01,D-0004,,,LT-9m-PCC,W-074,560034,KSPDB-SD01-D-0004-0073
P-000376,12.970265,77.600457,F-01-01,D-0004,,,LT-9m-Steel,W-074,560034,KSPDB-SD01-D-0004-0074
P-000377,12.970275,77.600789,F-01-01,D-0004,,,LT-9m-PCC,W-074,560034,KSPDB-SD01-D-0004-0075
P-000378,12.970402,77.601089,F-01-01,D-0004,,,LT-8m-Steel,W-074,560034,KSPDB-SD01-D-0004-0076
P-000379,12.970537,77.60134,F-01-01,D-0004,,,LT-9m-PCC,W-074,560034,
P-000380,12.974506,77.589216,F-01-01,D-0004,,,LT-8m-Steel,W-074,560034,KSPDB-SD01-D-0004-0078
P-000381,12.974557,77.589511,F-01-01,D-0004,,,LT-8m-PCC,W-074,560034,KSPDB-SD01-D-0004-0079
P-000382,12.974561,77.589728,F-01-01,D-0004,,,LT-8m-PCC,W-074,560034,
P-000383,12.97444,77.590043,F-01-01,D-0004,,,LT-8m-Steel,W-074,560034,
P-000384,12.974369,77.590262,F-01-01,D-0004,,,LT-9m-Steel,W-074,560034,KSPDB-SD01-D-0004-0082
P-000385,12.97421,77.590495,F-01-01,D-0004,,,LT-9m-Steel,W-074,560034,KSPDB-SD01-D-0004-0083
P-000386,12.973959,77.590667,F-01-01,D-0004,,,LT-9m-Steel,W-074,560034,
P-000387,12.973744,77.59075,F-01-01,D-0004,,,LT-8m-PCC,W-074,560034,KSPDB-SD01-D-0004-0085
P-000388,12.973532,77.590801,F-01-01,D-0004,,,LT-8m-PCC,W-074,560034,KSPDB-SD01-D-0004-0086
P-000389,12.973249,77.590927,F-01-01,D-0004,,,LT-9m-Steel,W-074,560034,KSPDB-SD01-D-0004-0087
P-000390,12.973111,77.590998,F-01-01,D-0004,,,LT-9m-PCC,W-074,560034,KSPDB-SD01-D-0004-0088
P-000391,12.972942,77.591016,F-01-01,D-0004,,,LT-9m-Steel,W-074,560034,KSPDB-SD01-D-0004-0089
P-000392,12.972661,77.591074,F-01-01,D-0004,,,LT-9m-PCC,W-074,560034,KSPDB-SD01-D-0004-0090
P-000393,12.972378,77.591079,F-01-01,D-0004,,,LT-9m-Steel,W-074,560034,KSPDB-SD01-D-0004-0091
P-000394,12.972144,77.59108,F-01-01,D-0004,,,LT-9m-PCC,W-074,560034,KSPDB-SD01-D-0004-0092
P-000395,12.971844,77.591026,F-01-01,D-0004,,,LT-8m-PCC,W-074,560034,KSPDB-SD01-D-0004-0093
P-000396,12.97164,77.590915,F-01-01,D-0004,,,LT-9m-Steel,W-074,560034,KSPDB-SD01-D-0004-0094
P-000397,12.971413,77.590735,F-01-01,D-0004,,,LT-9m-Steel,W-074,560034,KSPDB-SD01-D-0004-0095
P-000398,12.971189,77.590554,F-01-01,D-0004,,,LT-8m-Steel,W-074,560034,KSPDB-SD01-D-0004-0096
P-000399,12.971075,77.590357,F-01-01,D-0004,,,LT-9m-Steel,W-074,560034,
P-000400,12.970996,77.590243,F-01-01,D-0004,,,LT-9m-PCC,W-074,,KSPDB-SD01-D-0004-0098
P-000401,12.970915,77.590075,F-01-01,D-0004,,,LT-8m-Steel,W-074,560034,KSPDB-SD01-D-0004-0099
P-000402,12.970883,77.589881,F-01-01,D-0004,,,LT-9m-Steel,W-074,560034,KSPDB-SD01-D-0004-0100
P-000403,12.970879,77.589741,F-01-01,D-0004,,,LT-9m-Steel,W-074,560034,KSPDB-SD01-D-0004-0101
P-000404,12.970839,77.589566,F-01-01,D-0004,,,LT-8m-PCC,W-074,560034,KSPDB-SD01-D-0004-0102
P-000405,12.9708,77.589269,F-01-01,D-0004,,,LT-8m-Steel,W-074,560034,KSPDB-SD01-D-0004-0103
P-000406,12.970758,77.588941,F-01-01,D-0004,,,LT-9m-PCC,W-074,560034,KSPDB-SD01-D-0004-0104
P-000407,12.970702,77.588797,F-01-01,D-0004,,,LT-9m-Steel,W-074,,KSPDB-SD01-D-0004-0105
P-000408,12.970613,77.588681,F-01-01,D-0004,,,LT-8m-PCC,W-074,560034,KSPDB-SD01-D-0004-0106
P-000409,12.970517,77.588344,F-01-01,D-0004,,,LT-9m-Steel,W-074,,KSPDB-SD01-D-0004-0107
P-000410,12.9685,77.595993,F-01-01,D-0005,1,,LT-9m-Steel,W-069,560034,KSPDB-SD01-D-0005-0001
P-000411,12.968274,77.59628,F-01-01,D-0005,2,P-000410,LT-9m-Steel,W-069,560034,KSPDB-SD01-D-0005-0002
P-000412,12.96811,77.596399,F-01-01,D-0005,3,P-000411,LT-9m-Steel,W-069,560034,KSPDB-SD01-D-0005-0003
P-000413,12.967945,77.59659,F-01-01,D-0005,4,P-000412,LT-8m-PCC,W-069,560034,KSPDB-SD01-D-0005-0004
P-000414,12.967753,77.596828,F-01-01,D-0005,5,P-000413,LT-8m-Steel,W-069,560034,
P-000415,12.967576,77.597055,F-01-01,D-0005,6,P-000414,LT-8m-Steel,W-069,560034,KSPDB-SD01-D-0005-0006
P-000416,12.967477,77.597317,F-01-01,D-0005,7,P-000415,LT-9m-Steel,W-069,560034,KSPDB-SD01-D-0005-0007
P-000417,12.967428,77.597483,F-01-01,D-0005,8,P-000416,LT-9m-Steel,W-069,560034,KSPDB-SD01-D-0005-0008
P-000418,12.967276,77.597737,F-01-01,D-0005,9,P-000417,LT-8m-Steel,W-069,560034,KSPDB-SD01-D-0005-0009
P-000419,12.96713,77.598049,F-01-01,D-0005,10,P-000418,LT-9m-Steel,W-069,560034,KSPDB-SD01-D-0005-0010
P-000420,12.967091,77.598192,F-01-01,D-0005,11,P-000419,LT-9m-Steel,W-069,560034,KSPDB-SD01-D-0005-0011
P-000421,12.966981,77.598474,F-01-01,D-0005,12,P-000420,LT-8m-Steel,W-069,560034,KSPDB-SD01-D-0005-0012
P-000422,12.96698,77.598753,F-01-01,D-0005,13,P-000421,LT-8m-PCC,W-069,560034,KSPDB-SD01-D-0005-0013
P-000423,12.967041,77.599066,F-01-01,D-0005,14,P-000422,LT-9m-Steel,W-069,560034,KSPDB-SD01-D-0005-0014
P-000424,12.967038,77.59926,F-01-01,D-0005,15,P-000423,LT-8m-PCC,W-069,560034,KSPDB-SD01-D-0005-0015
P-000425,12.967146,77.599559,F-01-01,D-0005,16,P-000424,LT-9m-Steel,W-069,,KSPDB-SD01-D-0005-0016
P-000426,12.967258,77.599701,F-01-01,D-0005,17,P-000425,LT-9m-Steel,W-069,,KSPDB-SD01-D-0005-0017
P-000427,12.967451,77.599884,F-01-01,D-0005,18,P-000426,LT-9m-Steel,W-069,560034,KSPDB-SD01-D-0005-0018
P-000428,12.967666,77.60011,F-01-01,D-0005,19,P-000427,LT-9m-PCC,W-069,560034,
P-000429,12.967874,77.600248,F-01-01,D-0005,20,P-000428,LT-8m-PCC,W-069,560034,KSPDB-SD01-D-0005-0020
P-000430,12.968012,77.600352,F-01-01,D-0005,21,P-000429,LT-8m-PCC,W-069,560034,KSPDB-SD01-D-0005-0021
P-000431,12.968184,77.600566,F-01-01,D-0005,22,P-000430,LT-9m-Steel,W-069,560034,KSPDB-SD01-D-0005-0022
P-000432,12.968307,77.600648,F-01-01,D-0005,23,P-000431,LT-8m-Steel,W-069,560034,
P-000433,12.968487,77.600774,F-01-01,D-0005,24,P-000432,LT-9m-Steel,W-069,560034,KSPDB-SD01-D-0005-0024
P-000434,12.968773,77.600848,F-01-01,D-0005,25,P-000433,LT-9m-PCC,W-069,560034,KSPDB-SD01-D-0005-0025
P-000435,12.968931,77.600887,F-01-01,D-0005,26,P-000434,LT-9m-Steel,W-069,560034,KSPDB-SD01-D-0005-0026
P-000436,12.969075,77.600982,F-01-01,D-0005,27,P-000435,LT-9m-PCC,W-069,560034,KSPDB-SD01-D-0005-0027
P-000437,12.96928,77.601128,F-01-01,D-0005,28,P-000436,LT-9m-Steel,W-069,560034,
P-000438,12.969426,77.601182,F-01-01,D-0005,29,P-000437,LT-8m-PCC,W-069,560034,KSPDB-SD01-D-0005-0029
P-000439,12.969744,77.601187,F-01-01,D-0005,30,P-000438,LT-9m-Steel,W-069,560034,KSPDB-SD01-D-0005-0030
P-000440,12.970074,77.601086,F-01-01,D-0005,31,P-000439,LT-8m-PCC,W-069,560034,KSPDB-SD01-D-0005-0031
P-000441,12.970292,77.601035,F-01-01,D-0005,32,P-000440,LT-8m-Steel,W-069,560034,KSPDB-SD01-D-0005-0032
P-000442,12.970512,77.601007,F-01-01,D-0005,33,P-000441,LT-8m-Steel,W-069,560034,KSPDB-SD01-D-0005-0033
P-000443,12.970693,77.601047,F-01-01,D-0005,34,P-000442,LT-9m-Steel,W-069,560034,KSPDB-SD01-D-0005-0034
P-000444,12.97084,77.601103,F-01-01,D-0005,35,P-000443,LT-9m-Steel,W-069,560034,
P-000445,12.966956,77.597949,F-01-01,D-0005,1,P-000419,LT-8m-Steel,W-069,560034,
P-000446,12.966674,77.597876,F-01-01,D-0005,2,P-000445,LT-9m-PCC,W-069,560034,KSPDB-SD01-D-0005-0037
P-000447,12.966422,77.597722,F-01-01,D-0005,3,P-000446,LT-8m-Steel,W-069,560034,
P-000448,12.966308,77.597646,F-01-01,D-0005,4,P-000447,LT-8m-Steel,W-069,560034,KSPDB-SD01-D-0005-0039
P-000449,12.966191,77.59749,F-01-01,D-0005,5,P-000448,LT-9m-PCC,W-069,560034,KSPDB-SD01-D-0005-0040
P-000450,12.965985,77.59733,F-01-01,D-0005,6,P-000449,LT-8m-Steel,W-069,560034,KSPDB-SD01-D-0005-0041
P-000451,12.965759,77.597214,F-01-01,D-0005,7,P-000450,LT-8m-Steel,W-069,560034,KSPDB-SD01-D-0005-0042
P-000452,12.965616,77.59707,F-01-01,D-0005,8,P-000451,LT-9m-PCC,W-069,560034,KSPDB-SD01-D-0005-0043
P-000453,12.96553,77.59695,F-01-01,D-0005,9,P-000452,LT-9m-PCC,W-069,560034,KSPDB-SD01-D-0005-0044
P-000454,12.965361,77.59668,F-01-01,D-0005,10,P-000453,LT-8m-PCC,W-069,560034,KSPDB-SD01-D-0005-0045
P-000455,12.965279,77.596539,F-01-01,D-0005,11,P-000454,LT-9m-Steel,W-069,560034,KSPDB-SD01-D-0005-0046
P-000456,12.965075,77.59636,F-01-01,D-0005,12,P-000455,LT-8m-PCC,W-069,560034,KSPDB-SD01-D-0005-0047
P-000457,12.96496,77.596131,F-01-01,D-0005,13,P-000456,LT-9m-PCC,W-069,560034,KSPDB-SD01-D-0005-0048
P-000458,12.964916,77.595966,F-01-01,D-0005,14,P-000457,LT-8m-Steel,W-069,560034,KSPDB-SD01-D-0005-0049
P-000459,12.964859,77.595692,F-01-01,D-0005,15,P-000458,LT-9m-PCC,W-069,560034,KSPDB-SD01-D-0005-0050
P-000460,12.964858,77.595458,F-01-01,D-0005,16,P-000459,LT-8m-Steel,W-069,560034,KSPDB-SD01-D-0005-0051
P-000461,12.964837,77.595301,F-01-01,D-0005,17,P-000460,LT-8m-PCC,W-069,560034,KSPDB-SD01-D-0005-0052
P-000462,12.964763,77.595167,F-01-01,D-0005,18,P-000461,LT-8m-PCC,W-069,560034,KSPDB-SD01-D-0005-0053
P-000463,12.964636,77.594948,F-01-01,D-0005,19,P-000462,LT-8m-PCC,W-069,560034,KSPDB-SD01-D-0005-0054
P-000464,12.964429,77.594788,F-01-01,D-0005,20,P-000463,LT-8m-Steel,W-069,560034,KSPDB-SD01-D-0005-0055
P-000465,12.96425,77.594623,F-01-01,D-0005,21,P-000464,LT-9m-Steel,W-069,,KSPDB-SD01-D-0005-0056
P-000466,12.963962,77.594411,F-01-01,D-0005,22,P-000465,LT-9m-Steel,W-069,,KSPDB-SD01-D-0005-0057
P-000467,12.963867,77.594307,F-01-01,D-0005,23,P-000466,LT-9m-Steel,W-069,560034,KSPDB-SD01-D-0005-0058
P-000468,12.963691,77.594186,F-01-01,D-0005,24,P-000467,LT-9m-PCC,W-069,560034,KSPDB-SD01-D-0005-0059
P-000469,12.963437,77.594075,F-01-01,D-0005,25,P-000468,LT-9m-PCC,W-069,560034,
P-000470,12.963143,77.594018,F-01-01,D-0005,26,P-000469,LT-8m-Steel,W-069,560034,KSPDB-SD01-D-0005-0061
P-000471,12.963005,77.593971,F-01-01,D-0005,27,P-000470,LT-9m-PCC,W-069,560034,KSPDB-SD01-D-0005-0062
P-000472,12.9627,77.59388,F-01-01,D-0005,28,P-000471,LT-8m-Steel,W-069,560034,KSPDB-SD01-D-0005-0063
P-000473,12.962435,77.593716,F-01-01,D-0005,29,P-000472,LT-8m-PCC,W-069,560034,KSPDB-SD01-D-0005-0064
P-000474,12.96219,77.593555,F-01-01,D-0005,30,P-000473,LT-8m-Steel,W-069,560034,KSPDB-SD01-D-0005-0065
P-000475,12.961907,77.593409,F-01-01,D-0005,31,P-000474,LT-9m-PCC,W-069,560034,KSPDB-SD01-D-0005-0066
P-000476,12.961695,77.593178,F-01-01,D-0005,32,P-000475,LT-8m-PCC,W-069,560034,KSPDB-SD01-D-0005-0067
P-000477,12.961563,77.593023,F-01-01,D-0005,33,P-000476,LT-8m-PCC,W-069,560034,KSPDB-SD01-D-0005-0068
P-000478,12.9615,77.592851,F-01-01,D-0005,34,P-000477,LT-8m-Steel,W-069,560034,KSPDB-SD01-D-0005-0069
P-000479,12.961504,77.592497,F-01-01,D-0005,35,P-000478,LT-9m-Steel,W-069,560034,KSPDB-SD01-D-0005-0070
P-000480,12.961503,77.592131,F-01-01,D-0005,36,P-000479,LT-9m-PCC,W-069,560034,KSPDB-SD01-D-0005-0071
P-000481,12.961496,77.591935,F-01-01,D-0005,37,P-000480,LT-9m-PCC,W-069,560034,KSPDB-SD01-D-0005-0072
P-000482,12.961453,77.591757,F-01-01,D-0005,38,P-000481,LT-9m-Steel,W-069,560034,KSPDB-SD01-D-0005-0073
P-000483,12.961415,77.591442,F-01-01,D-0005,39,P-000482,LT-9m-PCC,W-069,560034,KSPDB-SD01-D-0005-0074
P-000484,12.96133,77.591245,F-01-01,D-0005,40,P-000483,LT-9m-Steel,W-069,560034,KSPDB-SD01-D-0005-0075
P-000485,12.961304,77.591024,F-01-01,D-0005,41,P-000484,LT-9m-Steel,W-069,560034,KSPDB-SD01-D-0005-0076
P-000486,12.961179,77.590742,F-01-01,D-0005,42,P-000485,LT-8m-PCC,W-069,560034,KSPDB-SD01-D-0005-0077
P-000487,12.961029,77.590575,F-01-01,D-0005,43,P-000486,LT-8m-PCC,W-069,560034,KSPDB-SD01-D-0005-0078
P-000488,12.960807,77.590466,F-01-01,D-0005,44,P-000487,LT-8m-Steel,W-069,560034,KSPDB-SD01-D-0005-0079
P-000489,12.960498,77.590313,F-01-01,D-0005,45,P-000488,LT-8m-PCC,W-069,560034,KSPDB-SD01-D-0005-0080
P-000490,12.960213,77.590178,F-01-01,D-0005,46,P-000489,LT-9m-Steel,W-069,560034,KSPDB-SD01-D-0005-0081
P-000491,12.960065,77.590139,F-01-01,D-0005,47,P-000490,LT-8m-Steel,W-069,560034,KSPDB-SD01-D-0005-0082
P-000492,12.95975,77.590083,F-01-01,D-0005,48,P-000491,LT-9m-PCC,W-069,560034,KSPDB-SD01-D-0005-0083
P-000493,12.959545,77.590055,F-01-01,D-0005,49,P-000492,LT-9m-Steel,W-069,560034,KSPDB-SD01-D-0005-0084
P-000494,12.959293,77.589923,F-01-01,D-0005,50,P-000493,LT-8m-Steel,W-069,560034,KSPDB-SD01-D-0005-0085
P-000495,12.959074,77.589761,F-01-01,D-0005,51,P-000494,LT-8m-PCC,W-069,560034,KSPDB-SD01-D-0005-0086
P-000496,12.958849,77.589574,F-01-01,D-0005,52,P-000495,LT-9m-Steel,W-069,560034,KSPDB-SD01-D-0005-0087
P-000497,12.965452,77.59638,F-01-01,D-0005,1,P-000455,LT-8m-Steel,W-069,560034,KSPDB-SD01-D-0005-0088
P-000498,12.96566,77.596141,F-01-01,D-0005,2,P-000497,LT-9m-PCC,W-069,560034,KSPDB-SD01-D-0005-0089
P-000499,12.965913,77.596004,F-01-01,D-0005,3,P-000498,LT-9m-Steel,W-069,560034,KSPDB-SD01-D-0005-0090
P-000500,12.966142,77.595901,F-01-01,D-0005,4,P-000499,LT-9m-Steel,W-069,560034,KSPDB-SD01-D-0005-0091
P-000501,12.966281,77.5958,F-01-01,D-0005,5,P-000500,LT-8m-Steel,W-069,560034,KSPDB-SD01-D-0005-0092
P-000502,12.966597,77.595722,F-01-01,D-0005,6,P-000501,LT-8m-Steel,W-069,560034,KSPDB-SD01-D-0005-0093
P-000503,12.966814,77.595633,F-01-01,D-0005,7,P-000502,LT-8m-PCC,W-069,560034,KSPDB-SD01-D-0005-0094
P-000504,12.967001,77.595618,F-01-01,D-0005,8,P-000503,LT-8m-PCC,W-069,560034,KSPDB-SD01-D-0005-0095
P-000505,12.967213,77.595574,F-01-01,D-0005,9,P-000504,LT-9m-Steel,W-069,560034,KSPDB-SD01-D-0005-0096
P-000506,12.967334,77.595497,F-01-01,D-0005,10,P-000505,LT-9m-PCC,W-069,560034,KSPDB-SD01-D-0005-0097
P-000507,12.96756,77.595431,F-01-01,D-0005,11,P-000506,LT-8m-PCC,W-069,560034,KSPDB-SD01-D-0005-0098
P-000508,12.967791,77.595389,F-01-01,D-0005,12,P-000507,LT-9m-PCC,W-069,560034,
P-000509,12.967955,77.595416,F-01-01,D-0005,13,P-000508,LT-8m-Steel,W-069,560034,KSPDB-SD01-D-0005-0100
P-000510,12.968153,77.595472,F-01-01,D-0005,14,P-000509,LT-8m-Steel,W-069,560034,KSPDB-SD01-D-0005-0101
P-000511,12.968469,77.595627,F-01-01,D-0005,15,P-000510,LT-8m-PCC,W-069,,KSPDB-SD01-D-0005-0102
P-000512,12.968589,77.595761,F-01-01,D-0005,16,P-000511,LT-9m-Steel,W-069,560034,KSPDB-SD01-D-0005-0103
P-000513,12.968823,77.596013,F-01-01,D-0005,17,P-000512,LT-8m-Steel,W-069,560034,KSPDB-SD01-D-0005-0104
P-000514,12.968958,77.596298,F-01-01,D-0005,18,P-000513,LT-9m-PCC,W-069,560034,KSPDB-SD01-D-0005-0105
P-000515,12.969064,77.596451,F-01-01,D-0005,19,P-000514,LT-9m-Steel,W-069,,KSPDB-SD01-D-0005-0106
P-000516,12.969252,77.596678,F-01-01,D-0005,20,P-000515,LT-8m-PCC,W-069,560034,KSPDB-SD01-D-0005-0107
P-000517,12.969413,77.596761,F-01-01,D-0005,21,P-000516,LT-8m-Steel,W-069,560034,KSPDB-SD01-D-0005-0108
P-000518,12.969523,77.596868,F-01-01,D-0005,22,P-000517,LT-8m-PCC,W-069,560034,KSPDB-SD01-D-0005-0109
P-000519,12.969678,77.597125,F-01-01,D-0005,23,P-000518,LT-9m-Steel,W-069,560034,KSPDB-SD01-D-0005-0110
P-000520,12.969935,77.597314,F-01-01,D-0005,24,P-000519,LT-9m-Steel,W-069,560034,KSPDB-SD01-D-0005-0111
P-000521,12.970281,77.597404,F-01-01,D-0005,25,P-000520,LT-9m-Steel,W-069,560034,KSPDB-SD01-D-0005-0112
P-000522,12.970573,77.597438,F-01-01,D-0005,26,P-000521,LT-9m-PCC,W-069,560034,KSPDB-SD01-D-0005-0113
P-000523,12.970773,77.597452,F-01-01,D-0005,27,P-000522,LT-9m-Steel,W-069,560034,KSPDB-SD01-D-0005-0114
P-000524,12.970938,77.597493,F-01-01,D-0005,28,P-000523,LT-9m-Steel,W-069,560034,KSPDB-SD01-D-0005-0115
P-000525,12.97123,77.597512,F-01-01,D-0005,29,P-000524,LT-8m-Steel,W-069,560034,KSPDB-SD01-D-0005-0116
P-000526,12.971434,77.597583,F-01-01,D-0005,30,P-000525,LT-9m-PCC,W-069,560034,KSPDB-SD01-D-0005-0117
P-000527,12.971738,77.597773,F-01-01,D-0005,31,P-000526,LT-9m-PCC,W-069,560034,KSPDB-SD01-D-0005-0118
P-000528,12.971917,77.597832,F-01-01,D-0005,32,P-000527,LT-8m-PCC,W-069,560034,KSPDB-SD01-D-0005-0119
P-000529,12.972122,77.597901,F-01-01,D-0005,33,P-000528,LT-9m-Steel,W-069,560034,
P-000530,12.972354,77.597964,F-01-01,D-0005,34,P-000529,LT-8m-Steel,W-069,560034,KSPDB-SD01-D-0005-0121
P-000531,12.972516,77.597943,F-01-01,D-0005,35,P-000530,LT-8m-PCC,W-069,560034,
P-000532,12.972652,77.597878,F-01-01,D-0005,36,P-000531,LT-9m-Steel,W-069,560034,KSPDB-SD01-D-0005-0123
P-000533,12.97293,77.597774,F-01-01,D-0005,37,P-000532,LT-9m-PCC,W-069,560034,KSPDB-SD01-D-0005-0124
P-000534,12.973144,77.597697,F-01-01,D-0005,38,P-000533,LT-9m-Steel,W-069,560034,KSPDB-SD01-D-0005-0125
P-000535,12.973399,77.597626,F-01-01,D-0005,39,P-000534,LT-9m-Steel,W-069,560034,KSPDB-SD01-D-0005-0126
P-000536,12.973605,77.597634,F-01-01,D-0005,40,P-000535,LT-8m-Steel,W-069,560034,KSPDB-SD01-D-0005-0127
P-000537,12.973827,77.597725,F-01-01,D-0005,41,P-000536,LT-8m-Steel,W-069,560034,KSPDB-SD01-D-0005-0128
P-000538,12.97398,77.597784,F-01-01,D-0005,42,P-000537,LT-8m-Steel,W-069,560034,
P-000539,12.974237,77.597811,F-01-01,D-0005,43,P-000538,LT-8m-PCC,W-069,560034,KSPDB-SD01-D-0005-0130
P-000540,12.974544,77.59782,F-01-01,D-0005,44,P-000539,LT-8m-Steel,W-069,560034,KSPDB-SD01-D-0005-0131
P-000541,12.974779,77.597902,F-01-01,D-0005,45,P-000540,LT-8m-PCC,W-069,560034,KSPDB-SD01-D-0005-0132
P-000542,12.9751,77.597912,F-01-01,D-0005,46,P-000541,LT-9m-Steel,W-069,560034,KSPDB-SD01-D-0005-0133
P-000543,12.975303,77.597916,F-01-01,D-0005,47,P-000542,LT-8m-PCC,W-069,560034,KSPDB-SD01-D-0005-0134
P-000544,12.975634,77.598016,F-01-01,D-0005,48,P-000543,LT-8m-PCC,W-069,560034,KSPDB-SD01-D-0005-0135
P-000545,12.975937,77.59819,F-01-01,D-0005,49,P-000544,LT-8m-Steel,W-069,560034,KSPDB-SD01-D-0005-0136
P-000546,12.976112,77.598286,F-01-01,D-0005,50,P-000545,LT-8m-Steel,W-069,560034,KSPDB-SD01-D-0005-0137
P-000547,12.976233,77.598421,F-01-01,D-0005,51,P-000546,LT-9m-PCC,W-069,560034,KSPDB-SD01-D-0005-0138
P-000548,12.976409,77.598511,F-01-01,D-0005,52,P-000547,LT-8m-PCC,W-069,560034,KSPDB-SD01-D-0005-0139
P-000549,12.968505,77.595452,F-01-01,D-0005,1,,LT-9m-Steel,W-069,560034,KSPDB-SD01-D-0005-0140
P-000550,12.96837,77.595217,F-01-01,D-0005,2,P-000549,LT-9m-PCC,W-069,560034,KSPDB-SD01-D-0005-0141
P-000551,12.968297,77.594945,F-01-01,D-0005,3,P-000550,LT-9m-PCC,W-069,560034,KSPDB-SD01-D-0005-0142
P-000552,12.968179,77.594766,F-01-01,D-0005,4,P-000551,LT-9m-PCC,W-069,560034,KSPDB-SD01-D-0005-0143
P-000553,12.968064,77.594678,F-01-01,D-0005,5,P-000552,LT-8m-Steel,W-069,560034,KSPDB-SD01-D-0005-0144
P-000554,12.96792,77.594624,F-01-01,D-0005,6,P-000553,LT-8m-Steel,W-069,560034,KSPDB-SD01-D-0005-0145
P-000555,12.967612,77.594628,F-01-01,D-0005,7,P-000554,LT-8m-Steel,W-069,560034,KSPDB-SD01-D-0005-0146
P-000556,12.967433,77.594595,F-01-01,D-0005,8,P-000555,LT-9m-Steel,W-069,560034,KSPDB-SD01-D-0005-0147
P-000557,12.967161,77.594561,F-01-01,D-0005,9,P-000556,LT-8m-PCC,W-069,560034,KSPDB-SD01-D-0005-0148
P-000558,12.966867,77.594398,F-01-01,D-0005,10,P-000557,LT-9m-PCC,W-069,560034,KSPDB-SD01-D-0005-0149
P-000559,12.966617,77.594271,F-01-01,D-0005,11,P-000558,LT-8m-Steel,W-069,560034,KSPDB-SD01-D-0005-0150
P-000560,12.966462,77.594158,F-01-01,D-0005,12,P-000559,LT-8m-PCC,W-069,560034,KSPDB-SD01-D-0005-0151
P-000561,12.966252,77.594074,F-01-01,D-0005,13,P-000560,LT-9m-PCC,W-069,560034,KSPDB-SD01-D-0005-0152
P-000562,12.965986,77.593956,F-01-01,D-0005,14,P-000561,LT-8m-PCC,W-069,560034,KSPDB-SD01-D-0005-0153
P-000563,12.965809,77.593808,F-01-01,D-0005,15,P-000562,LT-9m-PCC,W-069,560034,KSPDB-SD01-D-0005-0154
P-000564,12.965649,77.593667,F-01-01,D-0005,16,P-000563,LT-8m-PCC,W-069,560034,KSPDB-SD01-D-0005-0155
P-000565,12.965471,77.593384,F-01-01,D-0005,17,P-000564,LT-8m-Steel,W-069,560034,KSPDB-SD01-D-0005-0156
P-000566,12.965322,77.593051,F-01-01,D-0005,18,P-000565,LT-8m-PCC,W-069,560034,KSPDB-SD01-D-0005-0157
P-000567,12.965254,77.592832,F-01-01,D-0005,19,P-000566,LT-8m-PCC,W-069,560034,KSPDB-SD01-D-0005-0158
P-000568,12.965131,77.592608,F-01-01,D-0005,20,P-000567,LT-9m-PCC,W-069,560034,KSPDB-SD01-D-0005-0159
P-000569,12.965093,77.592418,F-01-01,D-0005,21,P-000568,LT-8m-PCC,W-069,560034,KSPDB-SD01-D-0005-0160
P-000570,12.965117,77.592178,F-01-01,D-0005,22,P-000569,LT-9m-Steel,W-069,560034,KSPDB-SD01-D-0005-0161
P-000571,12.965173,77.592039,F-01-01,D-0005,23,P-000570,LT-9m-PCC,W-069,560034,KSPDB-SD01-D-0005-0162
P-000572,12.965184,77.591702,F-01-01,D-0005,24,P-000571,LT-8m-PCC,W-069,560034,KSPDB-SD01-D-0005-0163
P-000573,12.965218,77.591343,F-01-01,D-0005,25,P-000572,LT-9m-Steel,W-069,560034,KSPDB-SD01-D-0005-0164
P-000574,12.965148,77.591026,F-01-01,D-0005,26,P-000573,LT-9m-PCC,W-069,560034,KSPDB-SD01-D-0005-0165
P-000575,12.964988,77.590769,F-01-01,D-0005,27,P-000574,LT-8m-Steel,W-069,560034,KSPDB-SD01-D-0005-0166
P-000576,12.964934,77.590603,F-01-01,D-0005,28,P-000575,LT-9m-PCC,W-069,560034,
P-000577,12.964776,77.590418,F-01-01,D-0005,29,P-000576,LT-9m-PCC,W-069,560034,
P-000578,12.964566,77.590287,F-01-01,D-0005,30,P-000577,LT-8m-PCC,W-069,560034,KSPDB-SD01-D-0005-0169
P-000579,12.971886,77.597884,F-01-01,D-0005,1,P-000527,LT-9m-Steel,W-069,560034,KSPDB-SD01-D-0005-0170
P-000580,12.971993,77.597986,F-01-01,D-0005,2,P-000579,LT-9m-PCC,W-069,560034,KSPDB-SD01-D-0005-0171
P-000581,12.972236,77.59822,F-01-01,D-0005,3,P-000580,LT-9m-PCC,W-069,560034,
P-000582,12.97243,77.598365,F-01-01,D-0005,4,P-000581,LT-9m-PCC,W-069,560034,KSPDB-SD01-D-0005-0173
P-000583,12.972698,77.598553,F-01-01,D-0005,5,P-000582,LT-8m-PCC,W-069,560034,KSPDB-SD01-D-0005-0174
P-000584,12.972962,77.598762,F-01-01,D-0005,6,P-000583,LT-9m-PCC,W-069,560034,KSPDB-SD01-D-0005-0175
P-000585,12.973235,77.598905,F-01-01,D-0005,7,P-000584,LT-9m-Steel,W-069,560034,
P-000586,12.973422,77.599032,F-01-01,D-0005,8,P-000585,LT-8m-PCC,W-069,560034,KSPDB-SD01-D-0005-0177
P-000587,12.973577,77.599124,F-01-01,D-0005,9,P-000586,LT-8m-Steel,W-069,560034,KSPDB-SD01-D-0005-0178
P-000588,12.973711,77.599196,F-01-01,D-0005,10,P-000587,LT-8m-Steel,W-069,560034,KSPDB-SD01-D-0005-0179
P-000589,12.973983,77.59934,F-01-01,D-0005,11,P-000588,LT-8m-PCC,W-069,560034,KSPDB-SD01-D-0005-0180
P-000590,12.974266,77.599564,F-01-01,D-0005,12,P-000589,LT-9m-Steel,W-069,560034,KSPDB-SD01-D-0005-0181
P-000591,12.974407,77.599645,F-01-01,D-0005,13,P-000590,LT-8m-PCC,W-069,560034,KSPDB-SD01-D-0005-0182
P-000592,12.974628,77.599674,F-01-01,D-0005,14,P-000591,LT-8m-PCC,W-069,560034,KSPDB-SD01-D-0005-0183
P-000593,12.974838,77.599652,F-01-01,D-0005,15,P-000592,LT-8m-PCC,W-069,560034,
P-000594,12.975111,77.599514,F-01-01,D-0005,16,P-000593,LT-8m-PCC,W-069,560034,KSPDB-SD01-D-0005-0185
P-000595,12.975354,77.59946,F-01-01,D-0005,17,P-000594,LT-9m-PCC,W-069,560034,KSPDB-SD01-D-0005-0186
P-000596,12.975496,77.599428,F-01-01,D-0005,18,P-000595,LT-8m-Steel,W-069,560034,KSPDB-SD01-D-0005-0187
P-000597,12.975705,77.599444,F-01-01,D-0005,19,P-000596,LT-9m-Steel,W-069,560034,
P-000598,12.975941,77.599467,F-01-01,D-0005,20,P-000597,LT-9m-PCC,W-069,560034,KSPDB-SD01-D-0005-0189
P-000599,12.976191,77.59947,F-01-01,D-0005,21,P-000598,LT-8m-Steel,W-069,560034,KSPDB-SD01-D-0005-0190
P-000600,12.976461,77.599511,F-01-01,D-0005,22,P-000599,LT-8m-PCC,W-069,560034,KSPDB-SD01-D-0005-0191
P-000601,12.976787,77.59966,F-01-01,D-0005,23,P-000600,LT-8m-Steel,W-069,560034,KSPDB-SD01-D-0005-0192
P-000602,12.976984,77.599707,F-01-01,D-0005,24,P-000601,LT-8m-Steel,W-069,560034,KSPDB-SD01-D-0005-0193
P-000603,12.977284,77.599822,F-01-01,D-0005,25,P-000602,LT-9m-PCC,W-069,560034,KSPDB-SD01-D-0005-0194
P-000604,12.977562,77.59992,F-01-01,D-0005,26,P-000603,LT-9m-PCC,W-069,560034,KSPDB-SD01-D-0005-0195
P-000605,12.977843,77.600075,F-01-01,D-0005,27,P-000604,LT-9m-Steel,W-069,,KSPDB-SD01-D-0005-0196
P-000606,12.978079,77.60024,F-01-01,D-0005,28,P-000605,LT-8m-PCC,W-069,560034,KSPDB-SD01-D-0005-0197
P-000607,12.978339,77.600297,F-01-01,D-0005,29,P-000606,LT-8m-PCC,W-069,560034,KSPDB-SD01-D-0005-0198
P-000608,12.978636,77.60029,F-01-01,D-0005,30,P-000607,LT-8m-PCC,W-069,560034,KSPDB-SD01-D-0005-0199
P-000609,12.978775,77.600265,F-01-01,D-0005,31,P-000608,LT-8m-Steel,W-069,560034,KSPDB-SD01-D-0005-0200
P-000610,12.979123,77.60021,F-01-01,D-0005,32,P-000609,LT-8m-Steel,W-069,560034,KSPDB-SD01-D-0005-0201
P-000611,12.97941,77.600092,F-01-01,D-0005,33,P-000610,LT-8m-PCC,W-069,560034,KSPDB-SD01-D-0005-0202
P-000612,12.979678,77.599962,F-01-01,D-0005,34,P-000611,LT-9m-Steel,W-069,560034,KSPDB-SD01-D-0005-0203
P-000613,12.979829,77.599875,F-01-01,D-0005,35,P-000612,LT-8m-Steel,W-069,560034,KSPDB-SD01-D-0005-0204
P-000614,12.980053,77.599713,F-01-01,D-0005,36,P-000613,LT-9m-Steel,W-069,560034,KSPDB-SD01-D-0005-0205
P-000615,12.980159,77.59958,F-01-01,D-0005,37,P-000614,LT-8m-Steel,W-069,560034,KSPDB-SD01-D-0005-0206
P-000616,12.980233,77.599455,F-01-01,D-0005,38,P-000615,LT-9m-PCC,W-069,560034,
P-000617,12.980261,77.599294,F-01-01,D-0005,39,P-000616,LT-9m-PCC,W-069,,KSPDB-SD01-D-0005-0208
P-000618,12.980372,77.599117,F-01-01,D-0005,40,P-000617,LT-8m-PCC,W-069,560034,KSPDB-SD01-D-0005-0209
P-000619,12.980589,77.59892,F-01-01,D-0005,41,P-000618,LT-9m-PCC,W-069,560034,KSPDB-SD01-D-0005-0210
P-000620,12.980834,77.598727,F-01-01,D-0005,42,P-000619,LT-8m-Steel,W-069,560034,KSPDB-SD01-D-0005-0211
P-000621,12.981015,77.598443,F-01-01,D-0005,43,P-000620,LT-8m-Steel,W-069,560034,
P-000622,12.981072,77.598302,F-01-01,D-0005,44,P-000621,LT-9m-PCC,W-069,560034,KSPDB-SD01-D-0005-0213
P-000623,12.981187,77.598158,F-01-01,D-0005,45,P-000622,LT-9m-PCC,W-069,560034,KSPDB-SD01-D-0005-0214
P-000624,12.981394,77.59796,F-01-01,D-0005,46,P-000623,LT-9m-PCC,W-069,560034,KSPDB-SD01-D-0005-0215
P-000625,12.981542,77.597813,F-01-01,D-0005,47,P-000624,LT-8m-PCC,W-069,560034,
P-000626,12.965062,77.588383,F-01-02,D-0006,,,LT-9m-PCC,W-003,560034,KSPDB-SD01-D-0006-0001
P-000627,12.965326,77.588373,F-01-02,D-0006,,,LT-8m-PCC,W-003,560034,KSPDB-SD01-D-0006-0002
P-000628,12.965633,77.588341,F-01-02,D-0006,,,LT-9m-PCC,W-003,560034,KSPDB-SD01-D-0006-0003
P-000629,12.965809,77.588275,F-01-02,D-0006,,,LT-9m-PCC,W-003,560034,KSPDB-SD01-D-0006-0004
P-000630,12.966091,77.588052,F-01-02,D-0006,,,LT-9m-Steel,W-003,560034,KSPDB-SD01-D-0006-0005
P-000631,12.966269,77.587906,F-01-02,D-0006,,,LT-9m-Steel,W-003,560034,KSPDB-SD01-D-0006-0006
P-000632,12.966498,77.58778,F-01-02,D-0006,,,LT-9m-PCC,W-003,560034,KSPDB-SD01-D-0006-0007
P-000633,12.966752,77.587615,F-01-02,D-0006,,,LT-8m-PCC,W-003,560034,KSPDB-SD01-D-0006-0008
P-000634,12.967025,77.587527,F-01-02,D-0006,,,LT-8m-Steel,W-003,560034,
P-000635,12.967162,77.587475,F-01-02,D-0006,,,LT-9m-PCC,W-003,560034,KSPDB-SD01-D-0006-0010
P-000636,12.967434,77.587411,F-01-02,D-0006,,,LT-9m-PCC,W-003,560034,KSPDB-SD01-D-0006-0011
P-000637,12.967684,77.587377,F-01-02,D-0006,,,LT-8m-Steel,W-003,560034,KSPDB-SD01-D-0006-0012
P-000638,12.967901,77.587311,F-01-02,D-0006,,,LT-8m-Steel,W-003,560034,
P-000639,12.968076,77.587288,F-01-02,D-0006,,,LT-8m-Steel,W-003,560034,KSPDB-SD01-D-0006-0014
P-000640,12.968263,77.587258,F-01-02,D-0006,,,LT-9m-Steel,W-003,560034,KSPDB-SD01-D-0006-0015
P-000641,12.968589,77.587278,F-01-02,D-0006,,,LT-9m-Steel,W-003,560034,KSPDB-SD01-D-0006-0016
P-000642,12.968814,77.587361,F-01-02,D-0006,,,LT-9m-Steel,W-003,560034,KSPDB-SD01-D-0006-0017
P-000643,12.968988,77.587512,F-01-02,D-0006,,,LT-8m-PCC,W-003,560034,KSPDB-SD01-D-0006-0018
P-000644,12.969171,77.587692,F-01-02,D-0006,,,LT-9m-PCC,W-003,560034,KSPDB-SD01-D-0006-0019
P-000645,12.969296,77.587841,F-01-02,D-0006,,,LT-9m-Steel,W-003,560034,KSPDB-SD01-D-0006-0020
P-000646,12.96938,77.587972,F-01-02,D-0006,,,LT-8m-PCC,W-003,560034,KSPDB-SD01-D-0006-0021
P-000647,12.969492,77.588164,F-01-02,D-0006,,,LT-8m-PCC,W-003,560034,KSPDB-SD01-D-0006-0022
P-000648,12.969664,77.588442,F-01-02,D-0006,,,LT-8m-Steel,W-003,560034,KSPDB-SD01-D-0006-0023
P-000649,12.96971,77.588662,F-01-02,D-0006,,,LT-8m-Steel,W-003,560034,
P-000650,12.969751,77.588803,F-01-02,D-0006,,,LT-9m-Steel,W-003,560034,KSPDB-SD01-D-0006-0025
P-000651,12.969736,77.589127,F-01-02,D-0006,,,LT-9m-PCC,W-003,560034,KSPDB-SD01-D-0006-0026
P-000652,12.969742,77.58942,F-01-02,D-0006,,,LT-9m-PCC,W-003,560034,KSPDB-SD01-D-0006-0027
P-000653,12.969705,77.589602,F-01-02,D-0006,,,LT-9m-PCC,W-003,560034,KSPDB-SD01-D-0006-0028
P-000654,12.969729,77.589809,F-01-02,D-0006,,,LT-8m-PCC,W-003,560034,KSPDB-SD01-D-0006-0029
P-000655,12.969808,77.589978,F-01-02,D-0006,,,LT-8m-PCC,W-003,560034,KSPDB-SD01-D-0006-0030
P-000656,12.965182,77.588383,F-01-02,D-0006,,,LT-8m-PCC,W-003,560034,KSPDB-SD01-D-0006-0031
P-000657,12.96547,77.588337,F-01-02,D-0006,,,LT-8m-PCC,W-003,560034,KSPDB-SD01-D-0006-0032
P-000658,12.965683,77.588266,F-01-02,D-0006,,,LT-9m-PCC,W-003,560034,KSPDB-SD01-D-0006-0033
P-000659,12.965888,77.588244,F-01-02,D-0006,,,LT-9m-PCC,W-003,560034,
P-000660,12.966127,77.58826,F-01-02,D-0006,,,LT-8m-Steel,W-003,560034,
P-000661,12.966331,77.588249,F-01-02,D-0006,,,LT-9m-PCC,W-003,560034,
P-000662,12.966663,77.58827,F-01-02,D-0006,,,LT-8m-PCC,W-003,560034,
P-000663,12.966977,77.588298,F-01-02,D-0006,,,LT-8m-PCC,W-003,560034,KSPDB-SD01-D-0006-0038
P-000664,12.967282,77.58827,F-01-02,D-0006,,,LT-9m-Steel,W-003,560034,KSPDB-SD01-D-0006-0039
P-000665,12.967462,77.588279,F-01-02,D-0006,,,LT-9m-PCC,W-003,560034,KSPDB-SD01-D-0006-0040
P-000666,12.967604,77.588309,F-01-02,D-0006,,,LT-9m-PCC,W-003,560034,KSPDB-SD01-D-0006-0041
P-000667,12.967904,77.588282,F-01-02,D-0006,,,LT-8m-Steel,W-003,,
P-000668,12.968152,77.58836,F-01-02,D-0006,,,LT-8m-Steel,W-003,560034,KSPDB-SD01-D-0006-0043
P-000669,12.96844,77.58843,F-01-02,D-0006,,,LT-8m-PCC,W-003,560034,KSPDB-SD01-D-0006-0044
P-000670,12.968605,77.588501,F-01-02,D-0006,,,LT-9m-Steel,W-003,560034,KSPDB-SD01-D-0006-0045
P-000671,12.96882,77.588655,F-01-02,D-0006,,,LT-9m-PCC,W-003,560034,KSPDB-SD01-D-0006-0046
P-000672,12.968998,77.588848,F-01-02,D-0006,,,LT-9m-PCC,W-003,560034,KSPDB-SD01-D-0006-0047
P-000673,12.969186,77.588944,F-01-02,D-0006,,,LT-9m-Steel,W-003,560034,KSPDB-SD01-D-0006-0048
P-000674,12.969423,77.589006,F-01-02,D-0006,,,LT-9m-PCC,W-003,560034,
P-000675,12.969723,77.589028,F-01-02,D-0006,,,LT-8m-Steel,W-003,560034,KSPDB-SD01-D-0006-0050
P-000676,12.970021,77.589059,F-01-02,D-0006,,,LT-9m-Steel,W-003,560034,KSPDB-SD01-D-0006-0051
P-000677,12.970183,77.589096,F-01-02,D-0006,,,LT-9m-PCC,W-003,560034,KSPDB-SD01-D-0006-0052
P-000678,12.970356,77.589129,F-01-02,D-0006,,,LT-8m-Steel,W-003,560034,KSPDB-SD01-D-0006-0053
P-000679,12.970711,77.589082,F-01-02,D-0006,,,LT-8m-Steel,W-003,560034,KSPDB-SD01-D-0006-0054
P-000680,12.970933,77.588959,F-01-02,D-0006,,,LT-8m-PCC,W-003,560034,KSPDB-SD01-D-0006-0055
P-000681,12.971042,77.588851,F-01-02,D-0006,,,LT-9m-PCC,W-003,,KSPDB-SD01-D-0006-0056
P-000682,12.971118,77.588724,F-01-02,D-0006,,,LT-9m-Steel,W-003,560034,KSPDB-SD01-D-0006-0057
P-000683,12.971252,77.588625,F-01-02,D-0006,,,LT-8m-Steel,W-003,560034,KSPDB-SD01-D-0006-0058
P-000684,12.971364,77.588522,F-01-02,D-0006,,,LT-8m-Steel,W-003,560034,KSPDB-SD01-D-0006-0059
P-000685,12.97153,77.58844,F-01-02,D-0006,,,LT-8m-PCC,W-003,560034,KSPDB-SD01-D-0006-0060
P-000686,12.971665,77.588378,F-01-02,D-0006,,,LT-9m-Steel,W-003,560034,KSPDB-SD01-D-0006-0061
P-000687,12.96671,77.579261,F-01-02,D-0007,1,,LT-8m-Steel,W-039,560034,KSPDB-SD01-D-0007-0001
P-000688,12.966658,77.579471,F-01-02,D-0007,2,P-000687,LT-9m-Steel,W-039,560034,KSPDB-SD01-D-0007-0002
P-000689,12.966647,77.57983,F-01-02,D-0007,3,P-000688,LT-8m-Steel,W-039,560034,KSPDB-SD01-D-0007-0003
P-000690,12.966611,77.580144,F-01-02,D-0007,4,P-000689,LT-8m-PCC,W-039,560034,KSPDB-SD01-D-0007-0004
P-000691,12.966519,77.580322,F-01-02,D-0007,5,P-000690,LT-8m-PCC,W-039,560034,KSPDB-SD01-D-0007-0005
P-000692,12.966495,77.580572,F-01-02,D-0007,6,P-000691,LT-9m-PCC,W-039,560034,KSPDB-SD01-D-0007-0006
P-000693,12.966422,77.580919,F-01-02,D-0007,7,P-000692,LT-8m-PCC,W-039,560034,KSPDB-SD01-D-0007-0007
P-000694,12.966346,77.581203,F-01-02,D-0007,8,P-000693,LT-8m-PCC,W-039,560034,KSPDB-SD01-D-0007-0008
P-000695,12.966325,77.58136,F-01-02,D-0007,9,P-000694,LT-8m-PCC,W-039,560034,KSPDB-SD01-D-0007-0009
P-000696,12.966311,77.581682,F-01-02,D-0007,10,P-000695,LT-8m-PCC,W-039,560034,
P-000697,12.966331,77.581838,F-01-02,D-0007,11,P-000696,LT-9m-PCC,W-039,560034,KSPDB-SD01-D-0007-0011
P-000698,12.966287,77.582137,F-01-02,D-0007,12,P-000697,LT-9m-Steel,W-039,560034,KSPDB-SD01-D-0007-0012
P-000699,12.966274,77.582445,F-01-02,D-0007,13,P-000698,LT-9m-PCC,W-039,560034,KSPDB-SD01-D-0007-0013
P-000700,12.966244,77.582605,F-01-02,D-0007,14,P-000699,LT-9m-PCC,W-039,560034,KSPDB-SD01-D-0007-0014
P-000701,12.966131,77.582779,F-01-02,D-0007,15,P-000700,LT-8m-Steel,W-039,560034,KSPDB-SD01-D-0007-0015
P-000702,12.966006,77.582933,F-01-02,D-0007,16,P-000701,LT-9m-Steel,W-039,560034,KSPDB-SD01-D-0007-0016
P-000703,12.965858,77.583032,F-01-02,D-0007,17,P-000702,LT-8m-Steel,W-039,560034,KSPDB-SD01-D-0007-0017
P-000704,12.965635,77.583169,F-01-02,D-0007,18,P-000703,LT-9m-PCC,W-039,560034,KSPDB-SD01-D-0007-0018
P-000705,12.96551,77.583234,F-01-02,D-0007,19,P-000704,LT-8m-PCC,W-039,560034,KSPDB-SD01-D-0007-0019
P-000706,12.965363,77.583288,F-01-02,D-0007,20,P-000705,LT-9m-Steel,W-039,560034,KSPDB-SD01-D-0007-0020
P-000707,12.965175,77.583376,F-01-02,D-0007,21,P-000706,LT-8m-PCC,W-039,560034,KSPDB-SD01-D-0007-0021
P-000708,12.964985,77.583444,F-01-02,D-0007,22,P-000707,LT-9m-PCC,W-039,560034,KSPDB-SD01-D-0007-0022
P-000709,12.964836,77.583482,F-01-02,D-0007,23,P-000708,LT-9m-PCC,W-039,560034,KSPDB-SD01-D-0007-0023
P-000710,12.964551,77.583668,F-01-02,D-0007,24,P-000709,LT-9m-PCC,W-039,560034,KSPDB-SD01-D-0007-0024
P-000711,12.964397,77.583888,F-01-02,D-0007,25,P-000710,LT-9m-Steel,W-039,560034,KSPDB-SD01-D-0007-0025
P-000712,12.964227,77.584031,F-01-02,D-0007,26,P-000711,LT-8m-Steel,W-039,560034,KSPDB-SD01-D-0007-0026
P-000713,12.96404,77.584111,F-01-02,D-0007,27,P-000712,LT-8m-Steel,W-039,560034,KSPDB-SD01-D-0007-0027
P-000714,12.963902,77.584169,F-01-02,D-0007,28,P-000713,LT-8m-PCC,W-039,560034,KSPDB-SD01-D-0007-0028
P-000715,12.963686,77.584247,F-01-02,D-0007,29,P-000714,LT-9m-Steel,W-039,560034,KSPDB-SD01-D-0007-0029
P-000716,12.963542,77.584297,F-01-02,D-0007,30,P-000715,LT-8m-PCC,W-039,560034,KSPDB-SD01-D-0007-0030
P-000717,12.963353,77.584321,F-01-02,D-0007,31,P-000716,LT-8m-PCC,W-039,560034,KSPDB-SD01-D-0007-0031
P-000718,12.963092,77.584383,F-01-02,D-0007,32,P-000717,LT-8m-Steel,W-039,560034,KSPDB-SD01-D-0007-0032
P-000719,12.962933,77.58438,F-01-02,D-0007,33,P-000718,LT-9m-Steel,W-039,560034,KSPDB-SD01-D-0007-0033
P-000720,12.962591,77.584318,F-01-02,D-0007,34,P-000719,LT-9m-PCC,W-039,560034,KSPDB-SD01-D-0007-0034
P-000721,12.962329,77.584233,F-01-02,D-0007,35,P-000720,LT-8m-PCC,W-039,,KSPDB-SD01-D-0007-0035
P-000722,12.962121,77.584219,F-01-02,D-0007,36,P-000721,LT-9m-PCC,W-039,560034,
P-000723,12.961809,77.584156,F-01-02,D-0007,37,P-000722,LT-9m-Steel,W-039,560034,KSPDB-SD01-D-0007-0037
P-000724,12.961457,77.584189,F-01-02,D-0007,38,P-000723,LT-8m-PCC,W-039,560034,KSPDB-SD01-D-0007-0038
P-000725,12.961255,77.584147,F-01-02,D-0007,39,P-000724,LT-9m-PCC,W-039,,KSPDB-SD01-D-0007-0039
P-000726,12.961077,77.584176,F-01-02,D-0007,40,P-000725,LT-9m-PCC,W-039,560034,KSPDB-SD01-D-0007-0040
P-000727,12.960726,77.584179,F-01-02,D-0007,41,P-000726,LT-8m-Steel,W-039,560034,KSPDB-SD01-D-0007-0041
P-000728,12.96054,77.584256,F-01-02,D-0007,42,P-000727,LT-9m-Steel,W-039,560034,KSPDB-SD01-D-0007-0042
P-000729,12.96033,77.584385,F-01-02,D-0007,43,P-000728,LT-9m-Steel,W-039,560034,KSPDB-SD01-D-0007-0043
P-000730,12.960174,77.584495,F-01-02,D-0007,44,P-000729,LT-9m-Steel,W-039,560034,KSPDB-SD01-D-0007-0044
P-000731,12.959895,77.584652,F-01-02,D-0007,45,P-000730,LT-8m-PCC,W-039,560034,KSPDB-SD01-D-0007-0045
P-000732,12.959748,77.584718,F-01-02,D-0007,46,P-000731,LT-8m-Steel,W-039,560034,KSPDB-SD01-D-0007-0046
P-000733,12.959509,77.584842,F-01-02,D-0007,47,P-000732,LT-8m-PCC,W-039,560034,KSPDB-SD01-D-0007-0047
P-000734,12.959257,77.584984,F-01-02,D-0007,48,P-000733,LT-9m-Steel,W-039,560034,
P-000735,12.958959,77.585169,F-01-02,D-0007,49,P-000734,LT-8m-PCC,W-039,560034,KSPDB-SD01-D-0007-0049
P-000736,12.958703,77.585317,F-01-02,D-0007,50,P-000735,LT-9m-PCC,W-039,560034,KSPDB-SD01-D-0007-0050
P-000737,12.958523,77.585409,F-01-02,D-0007,51,P-000736,LT-8m-PCC,W-039,560034,KSPDB-SD01-D-0007-0051
P-000738,12.958264,77.585599,F-01-02,D-0007,52,P-000737,LT-8m-PCC,W-039,560034,KSPDB-SD01-D-0007-0052
P-000739,12.958115,77.585774,F-01-02,D-0007,53,P-000738,LT-9m-Steel,W-039,560034,
P-000740,12.963382,77.583208,F-01-02,D-0008,,,LT-9m-PCC,W-066,560034,KSPDB-SD01-D-0008-0001
P-000741,12.963363,77.582964,F-01-02,D-0008,,,LT-8m-Steel,W-066,560034,KSPDB-SD01-D-0008-0002
P-000742,12.963275,77.582695,F-01-02,D-0008,,,LT-8m-PCC,W-066,560034,KSPDB-SD01-D-0008-0003
P-000743,12.963256,77.582406,F-01-02,D-0008,,,LT-9m-PCC,W-066,560034,KSPDB-SD01-D-0008-0004
P-000744,12.963259,77.582098,F-01-02,D-0008,,,LT-9m-Steel,W-066,560034,KSPDB-SD01-D-0008-0005
P-000745,12.963191,77.581866,F-01-02,D-0008,,,LT-8m-Steel,W-066,560034,KSPDB-SD01-D-0008-0006
P-000746,12.963159,77.581731,F-01-02,D-0008,,,LT-8m-Steel,W-066,560034,KSPDB-SD01-D-0008-0007
P-000747,12.963158,77.581528,F-01-02,D-0008,,,LT-8m-Steel,W-066,560034,KSPDB-SD01-D-0008-0008
P-000748,12.963104,77.581211,F-01-02,D-0008,,,LT-8m-Steel,W-066,560034,KSPDB-SD01-D-0008-0009
P-000749,12.963031,77.580898,F-01-02,D-0008,,,LT-9m-Steel,W-066,560034,KSPDB-SD01-D-0008-0010
P-000750,12.962975,77.580683,F-01-02,D-0008,,,LT-8m-Steel,W-066,560034,KSPDB-SD01-D-0008-0011
P-000751,12.962972,77.580518,F-01-02,D-0008,,,LT-8m-PCC,W-066,560034,KSPDB-SD01-D-0008-0012
P-000752,12.962933,77.58027,F-01-02,D-0008,,,LT-8m-PCC,W-066,560034,KSPDB-SD01-D-0008-0013
P-000753,12.962829,77.580089,F-01-02,D-0008,,,LT-8m-Steel,W-066,560034,KSPDB-SD01-D-0008-0014
P-000754,12.962734,77.579882,F-01-02,D-0008,,,LT-9m-Steel,W-066,560034,
P-000755,12.962706,77.579664,F-01-02,D-0008,,,LT-8m-PCC,W-066,560034,KSPDB-SD01-D-0008-0016
P-000756,12.962689,77.579487,F-01-02,D-0008,,,LT-8m-PCC,W-066,560034,KSPDB-SD01-D-0008-0017
P-000757,12.962615,77.579173,F-01-02,D-0008,,,LT-8m-PCC,W-066,560034,KSPDB-SD01-D-0008-0018
P-000758,12.96247,77.578943,F-01-02,D-0008,,,LT-9m-PCC,W-066,560034,KSPDB-SD01-D-0008-0019
P-000759,12.962336,77.578783,F-01-02,D-0008,,,LT-9m-PCC,W-066,560034,KSPDB-SD01-D-0008-0020
P-000760,12.962259,77.578638,F-01-02,D-0008,,,LT-8m-PCC,W-066,560034,KSPDB-SD01-D-0008-0021
P-000761,12.962194,77.578481,F-01-02,D-0008,,,LT-9m-Steel,W-066,560034,KSPDB-SD01-D-0008-0022
P-000762,12.962112,77.578219,F-01-02,D-0008,,,LT-9m-Steel,W-066,560034,KSPDB-SD01-D-0008-0023
P-000763,12.962029,77.577999,F-01-02,D-0008,,,LT-8m-PCC,W-066,560034,KSPDB-SD01-D-0008-0024
P-000764,12.961939,77.577753,F-01-02,D-0008,,,LT-8m-PCC,W-066,560034,KSPDB-SD01-D-0008-0025
P-000765,12.961719,77.577483,F-01-02,D-0008,,,LT-9m-Steel,W-066,560034,KSPDB-SD01-D-0008-0026
P-000766,12.961646,77.577322,F-01-02,D-0008,,,LT-9m-PCC,W-066,560034,KSPDB-SD01-D-0008-0027
P-000767,12.9616,77.577147,F-01-02,D-0008,,,LT-9m-PCC,W-066,560034,KSPDB-SD01-D-0008-0028
P-000768,12.96146,77.576906,F-01-02,D-0008,,,LT-8m-PCC,W-066,560034,KSPDB-SD01-D-0008-0029
P-000769,12.961202,77.576665,F-01-02,D-0008,,,LT-9m-Steel,W-066,,
P-000770,12.961072,77.576539,F-01-02,D-0008,,,LT-9m-PCC,W-066,560034,KSPDB-SD01-D-0008-0031
P-000771,12.963541,77.583229,F-01-02,D-0008,,,LT-8m-PCC,W-066,560034,KSPDB-SD01-D-0008-0032
P-000772,12.963711,77.582982,F-01-02,D-0008,,,LT-8m-Steel,W-066,560034,KSPDB-SD01-D-0008-0033
P-000773,12.963816,77.582842,F-01-02,D-0008,,,LT-8m-PCC,W-066,560034,KSPDB-SD01-D-0008-0034
P-000774,12.963995,77.582578,F-01-02,D-0008,,,LT-8m-Steel,W-066,560034,KSPDB-SD01-D-0008-0035
P-000775,12.964099,77.582479,F-01-02,D-0008,,,LT-8m-PCC,W-066,560034,KSPDB-SD01-D-0008-0036
P-000776,12.964272,77.582377,F-01-02,D-0008,,,LT-9m-Steel,W-066,560034,KSPDB-SD01-D-0008-0037
P-000777,12.964465,77.582195,F-01-02,D-0008,,,LT-9m-Steel,W-066,560034,KSPDB-SD01-D-0008-0038
P-000778,12.964605,77.581988,F-01-02,D-0008,,,LT-9m-Steel,W-066,560034,KSPDB-SD01-D-0008-0039
P-000779,12.964753,77.581765,F-01-02,D-0008,,,LT-9m-Steel,W-066,560034,KSPDB-SD01-D-0008-0040
P-000780,12.964935,77.581578,F-01-02,D-0008,,,LT-8m-Steel,W-066,560034,KSPDB-SD01-D-0008-0041
P-000781,12.965033,77.581335,F-01-02,D-0008,,,LT-8m-PCC,W-066,560034,KSPDB-SD01-D-0008-0042
P-000782,12.965089,77.581027,F-01-02,D-0008,,,LT-9m-Steel,W-066,560034,KSPDB-SD01-D-0008-0043
P-000783,12.965131,77.580843,F-01-02,D-0008,,,LT-9m-PCC,W-066,,KSPDB-SD01-D-0008-0044
P-000784,12.965218,77.580548,F-01-02,D-0008,,,LT-9m-PCC,W-066,560034,KSPDB-SD01-D-0008-0045
P-000785,12.96525,77.580356,F-01-02,D-0008,,,LT-9m-PCC,W-066,560034,KSPDB-SD01-D-0008-0046
P-000786,12.965232,77.580211,F-01-02,D-0008,,,LT-8m-PCC,W-066,560034,KSPDB-SD01-D-0008-0047
P-000787,12.965251,77.579875,F-01-02,D-0008,,,LT-9m-PCC,W-066,560034,KSPDB-SD01-D-0008-0048
P-000788,12.965377,77.579563,F-01-02,D-0008,,,LT-9m-PCC,W-066,560034,KSPDB-SD01-D-0008-0049
P-000789,12.96558,77.579313,F-01-02,D-0008,,,LT-8m-Steel,W-066,560034,KSPDB-SD01-D-0008-0050
P-000790,12.96582,77.579128,F-01-02,D-0008,,,LT-8m-PCC,W-066,560034,KSPDB-SD01-D-0008-0051
P-000791,12.96605,77.578888,F-01-02,D-0008,,,LT-8m-PCC,W-066,560034,KSPDB-SD01-D-0008-0052
P-000792,12.966197,77.578705,F-01-02,D-0008,,,LT-9m-PCC,W-066,560034,KSPDB-SD01-D-0008-0053
P-000793,12.966372,77.578441,F-01-02,D-0008,,,LT-8m-PCC,W-066,560034,KSPDB-SD01-D-0008-0054
P-000794,12.966478,77.578136,F-01-02,D-0008,,,LT-8m-Steel,W-066,560034,KSPDB-SD01-D-0008-0055
P-000795,12.966551,77.577886,F-01-02,D-0008,,,LT-8m-Steel,W-066,560034,KSPDB-SD01-D-0008-0056
P-000796,12.966587,77.577713,F-01-02,D-0008,,,LT-9m-Steel,W-066,560034,KSPDB-SD01-D-0008-0057
P-000797,12.966553,77.57751,F-01-02,D-0008,,,LT-8m-Steel,W-066,560034,KSPDB-SD01-D-0008-0058
P-000798,12.958639,77.587822,F-01-02,D-0009,,,LT-8m-PCC,W-111,560034,
P-000799,12.958389,77.587976,F-01-02,D-0009,,,LT-9m-Steel,W-111,560034,
P-000800,12.958122,77.58807,F-01-02,D-0009,,,LT-8m-Steel,W-111,560034,KSPDB-SD01-D-0009-0003
P-000801,12.958003,77.588136,F-01-02,D-0009,,,LT-8m-PCC,W-111,560034,KSPDB-SD01-D-0009-0004
P-000802,12.957857,77.588213,F-01-02,D-0009,,,LT-9m-PCC,W-111,560034,KSPDB-SD01-D-0009-0005
P-000803,12.957579,77.588288,F-01-02,D-0009,,,LT-9m-PCC,W-111,560034,KSPDB-SD01-D-0009-0006
P-000804,12.95729,77.588247,F-01-02,D-0009,,,LT-9m-PCC,W-111,560034,KSPDB-SD01-D-0009-0007
P-000805,12.956936,77.58829,F-01-02,D-0009,,,LT-9m-PCC,W-111,560034,KSPDB-SD01-D-0009-0008
P-000806,12.956772,77.588299,F-01-02,D-0009,,,LT-9m-Steel,W-111,560034,KSPDB-SD01-D-0009-0009
P-000807,12.95656,77.588235,F-01-02,D-0009,,,LT-8m-Steel,W-111,560034,KSPDB-SD01-D-0009-0010
P-000808,12.956404,77.588218,F-01-02,D-0009,,,LT-9m-PCC,W-111,560034,KSPDB-SD01-D-0009-0011
P-000809,12.956082,77.588132,F-01-02,D-0009,,,LT-9m-PCC,W-111,560034,KSPDB-SD01-D-0009-0012
P-000810,12.955818,77.587969,F-01-02,D-0009,,,LT-8m-PCC,W-111,560034,KSPDB-SD01-D-0009-0013
P-000811,12.955662,77.587912,F-01-02,D-0009,,,LT-9m-Steel,W-111,560034,KSPDB-SD01-D-0009-0014
P-000812,12.955496,77.587921,F-01-02,D-0009,,,LT-8m-PCC,W-111,560034,KSPDB-SD01-D-0009-0015
P-000813,12.95536,77.587932,F-01-02,D-0009,,,LT-8m-PCC,W-111,560034,KSPDB-SD01-D-0009-0016
P-000814,12.95513,77.587979,F-01-02,D-0009,,,LT-8m-PCC,W-111,560034,
P-000815,12.954874,77.588083,F-01-02,D-0009,,,LT-9m-PCC,W-111,560034,KSPDB-SD01-D-0009-0018
P-000816,12.954648,77.588106,F-01-02,D-0009,,,LT-8m-Steel,W-111,560034,KSPDB-SD01-D-0009-0019
P-000817,12.95433,77.588187,F-01-02,D-0009,,,LT-9m-Steel,W-111,560034,KSPDB-SD01-D-0009-0020
P-000818,12.954173,77.588174,F-01-02,D-0009,,,LT-9m-PCC,W-111,560034,
P-000819,12.953908,77.588206,F-01-02,D-0009,,,LT-9m-Steel,W-111,560034,KSPDB-SD01-D-0009-0022
P-000820,12.953557,77.588215,F-01-02,D-0009,,,LT-9m-PCC,W-111,560034,KSPDB-SD01-D-0009-0023
P-000821,12.953392,77.588194,F-01-02,D-0009,,,LT-8m-Steel,W-111,560034,KSPDB-SD01-D-0009-0024
P-000822,12.953245,77.588147,F-01-02,D-0009,,,LT-8m-Steel,W-111,560034,KSPDB-SD01-D-0009-0025
P-000823,12.952985,77.588076,F-01-02,D-0009,,,LT-9m-Steel,W-111,560034,KSPDB-SD01-D-0009-0026
P-000824,12.95268,77.588021,F-01-02,D-0009,,,LT-8m-PCC,W-111,560034,KSPDB-SD01-D-0009-0027
P-000825,12.952355,77.588014,F-01-02,D-0009,,,LT-9m-PCC,W-111,560034,KSPDB-SD01-D-0009-0028
P-000826,12.952153,77.588036,F-01-02,D-0009,,,LT-9m-Steel,W-111,560034,KSPDB-SD01-D-0009-0029
P-000827,12.951906,77.588067,F-01-02,D-0009,,,LT-8m-PCC,W-111,560034,
P-000828,12.951715,77.588131,F-01-02,D-0009,,,LT-8m-Steel,W-111,560034,KSPDB-SD01-D-0009-0031
P-000829,12.951379,77.588118,F-01-02,D-0009,,,LT-9m-PCC,W-111,560034,KSPDB-SD01-D-0009-0032
P-000830,12.951146,77.588199,F-01-02,D-0009,,,LT-8m-Steel,W-111,560034,KSPDB-SD01-D-0009-0033
P-000831,12.950899,77.588203,F-01-02,D-0009,,,LT-9m-PCC,W-111,560034,KSPDB-SD01-D-0009-0034
P-000832,12.950646,77.588226,F-01-02,D-0009,,,LT-8m-PCC,W-111,560034,KSPDB-SD01-D-0009-0035
P-000833,12.950329,77.588393,F-01-02,D-0009,,,LT-9m-PCC,W-111,560034,KSPDB-SD01-D-0009-0036
P-000834,12.964251,77.578627,F-01-02,D-0010,1,,LT-8m-Steel,W-070,560034,KSPDB-SD01-D-0010-0001
P-000835,12.963987,77.578459,F-01-02,D-0010,2,P-000834,LT-8m-Steel,W-070,560034,KSPDB-SD01-D-0010-0002
P-000836,12.963827,77.578393,F-01-02,D-0010,3,P-000835,LT-9m-PCC,W-070,560034,KSPDB-SD01-D-0010-0003
P-000837,12.963585,77.578194,F-01-02,D-0010,4,P-000836,LT-8m-PCC,W-070,560034,KSPDB-SD01-D-0010-0004
P-000838,12.963368,77.577934,F-01-02,D-0010,5,P-000837,LT-9m-PCC,W-070,560034,KSPDB-SD01-D-0010-0005
P-000839,12.963255,77.577847,F-01-02,D-0010,6,P-000838,LT-8m-Steel,W-070,560034,KSPDB-SD01-D-0010-0006
P-000840,12.963075,77.577769,F-01-02,D-0010,7,P-000839,LT-9m-Steel,W-070,560034,KSPDB-SD01-D-0010-0007
P-000841,12.962859,77.577563,F-01-02,D-0010,8,P-000840,LT-9m-PCC,W-070,560034,KSPDB-SD01-D-0010-0008
P-000842,12.962741,77.577464,F-01-02,D-0010,9,P-000841,LT-9m-Steel,W-070,560034,KSPDB-SD01-D-0010-0009
P-000843,12.96258,77.577318,F-01-02,D-0010,10,P-000842,LT-9m-PCC,W-070,560034,KSPDB-SD01-D-0010-0010
P-000844,12.962383,77.57714,F-01-02,D-0010,11,P-000843,LT-8m-PCC,W-070,560034,KSPDB-SD01-D-0010-0011
P-000845,12.964128,77.578203,F-01-02,D-0010,1,P-000835,LT-9m-Steel,W-070,560034,KSPDB-SD01-D-0010-0012
P-000846,12.964349,77.577993,F-01-02,D-0010,2,P-000845,LT-9m-PCC,W-070,560034,KSPDB-SD01-D-0010-0013
P-000847,12.964657,77.577878,F-01-02,D-0010,3,P-000846,LT-8m-Steel,W-070,560034,KSPDB-SD01-D-0010-0014
P-000848,12.964802,77.577884,F-01-02,D-0010,4,P-000847,LT-8m-Steel,W-070,560034,KSPDB-SD01-D-0010-0015
P-000849,12.96514,77.577937,F-01-02,D-0010,5,P-000848,LT-8m-PCC,W-070,560034,KSPDB-SD01-D-0010-0016
P-000850,12.965462,77.578079,F-01-02,D-0010,6,P-000849,LT-8m-PCC,W-070,560034,KSPDB-SD01-D-0010-0017
P-000851,12.965686,77.578306,F-01-02,D-0010,7,P-000850,LT-9m-PCC,W-070,560034,KSPDB-SD01-D-0010-0018
P-000852,12.965918,77.578471,F-01-02,D-0010,8,P-000851,LT-8m-Steel,W-070,560034,KSPDB-SD01-D-0010-0019
P-000853,12.966046,77.578615,F-01-02,D-0010,9,P-000852,LT-9m-Steel,W-070,560034,KSPDB-SD01-D-0010-0020
P-000854,12.966228,77.578716,F-01-02,D-0010,10,P-000853,LT-9m-PCC,W-070,560034,KSPDB-SD01-D-0010-0021
P-000855,12.966484,77.578778,F-01-02,D-0010,11,P-000854,LT-9m-PCC,W-070,560034,KSPDB-SD01-D-0010-0022
P-000856,12.96673,77.578929,F-01-02,D-0010,12,P-000855,LT-8m-Steel,W-070,560034,
P-000857,12.966845,77.579077,F-01-02,D-0010,13,P-000856,LT-8m-PCC,W-070,560034,KSPDB-SD01-D-0010-0024
P-000858,12.966937,77.579192,F-01-02,D-0010,14,P-000857,LT-9m-Steel,W-070,560034,KSPDB-SD01-D-0010-0025
P-000859,12.967127,77.579471,F-01-02,D-0010,15,P-000858,LT-8m-PCC,W-070,560034,KSPDB-SD01-D-0010-0026
P-000860,12.967368,77.579668,F-01-02,D-0010,16,P-000859,LT-9m-PCC,W-070,,KSPDB-SD01-D-0010-0027
P-000861,12.967473,77.579784,F-01-02,D-0010,17,P-000860,LT-9m-PCC,W-070,560034,KSPDB-SD01-D-0010-0028
P-000862,12.967616,77.579953,F-01-02,D-0010,18,P-000861,LT-8m-Steel,W-070,560034,KSPDB-SD01-D-0010-0029
P-000863,12.967778,77.580225,F-01-02,D-0010,19,P-000862,LT-8m-PCC,W-070,560034,KSPDB-SD01-D-0010-0030
P-000864,12.967905,77.580368,F-01-02,D-0010,20,P-000863,LT-9m-PCC,W-070,560034,KSPDB-SD01-D-0010-0031
P-000865,12.968114,77.58066,F-01-02,D-0010,21,P-000864,LT-9m-PCC,W-070,560034,KSPDB-SD01-D-0010-0032
P-000866,13.005702,77.544016,F-02-01,D-0011,,,LT-9m-PCC,W-013,560068,KSPDB-SD02-D-0011-0001
P-000867,13.005651,77.543791,F-02-01,D-0011,,,LT-8m-PCC,W-013,560068,
P-000868,13.005561,77.543442,F-02-01,D-0011,,,LT-8m-PCC,W-013,560068,
P-000869,13.005556,77.543233,F-02-01,D-0011,,,LT-8m-Steel,W-013,560068,KSPDB-SD02-D-0011-0004
P-000870,13.005583,77.543069,F-02-01,D-0011,,,LT-9m-PCC,W-013,560068,KSPDB-SD02-D-0011-0005
P-000871,13.005705,77.5428,F-02-01,D-0011,,,LT-9m-Steel,W-013,560068,
P-000872,13.005756,77.542506,F-02-01,D-0011,,,LT-9m-PCC,W-013,560068,KSPDB-SD02-D-0011-0007
P-000873,13.005923,77.542223,F-02-01,D-0011,,,LT-8m-PCC,W-013,560068,KSPDB-SD02-D-0011-0008
P-000874,13.006021,77.542099,F-02-01,D-0011,,,LT-9m-PCC,W-013,560068,KSPDB-SD02-D-0011-0009
P-000875,13.006187,77.54196,F-02-01,D-0011,,,LT-9m-Steel,W-013,560068,
P-000876,13.006407,77.54177,F-02-01,D-0011,,,LT-8m-PCC,W-013,560068,KSPDB-SD02-D-0011-0011
P-000877,13.006719,77.541593,F-02-01,D-0011,,,LT-8m-Steel,W-013,560068,
P-000878,13.006943,77.541562,F-02-01,D-0011,,,LT-9m-PCC,W-013,560068,KSPDB-SD02-D-0011-0013
P-000879,13.007244,77.541533,F-02-01,D-0011,,,LT-9m-PCC,W-013,560068,KSPDB-SD02-D-0011-0014
P-000880,13.007481,77.54156,F-02-01,D-0011,,,LT-8m-Steel,W-013,560068,KSPDB-SD02-D-0011-0015
P-000881,13.007646,77.541537,F-02-01,D-0011,,,LT-8m-Steel,W-013,560068,KSPDB-SD02-D-0011-0016
P-000882,13.007957,77.54162,F-02-01,D-0011,,,LT-9m-Steel,W-013,560068,KSPDB-SD02-D-0011-0017
P-000883,13.00812,77.541597,F-02-01,D-0011,,,LT-9m-PCC,W-013,560068,KSPDB-SD02-D-0011-0018
P-000884,13.008321,77.541512,F-02-01,D-0011,,,LT-8m-PCC,W-013,560068,
P-000885,13.008567,77.541376,F-02-01,D-0011,,,LT-9m-PCC,W-013,560068,KSPDB-SD02-D-0011-0020
P-000886,13.008731,77.541271,F-02-01,D-0011,,,LT-9m-Steel,W-013,,KSPDB-SD02-D-0011-0021
P-000887,13.008827,77.541167,F-02-01,D-0011,,,LT-8m-PCC,W-013,560068,KSPDB-SD02-D-0011-0022
P-000888,13.009129,77.541012,F-02-01,D-0011,,,LT-8m-PCC,W-013,560068,KSPDB-SD02-D-0011-0023
P-000889,13.009279,77.540944,F-02-01,D-0011,,,LT-8m-PCC,W-013,560068,KSPDB-SD02-D-0011-0024
P-000890,13.009515,77.540722,F-02-01,D-0011,,,LT-9m-Steel,W-013,560068,KSPDB-SD02-D-0011-0025
P-000891,13.009634,77.540638,F-02-01,D-0011,,,LT-9m-PCC,W-013,560068,KSPDB-SD02-D-0011-0026
P-000892,13.009779,77.540541,F-02-01,D-0011,,,LT-8m-PCC,W-013,560068,KSPDB-SD02-D-0011-0027
P-000893,13.005693,77.544052,F-02-01,D-0011,,,LT-8m-Steel,W-013,560068,KSPDB-SD02-D-0011-0028
P-000894,13.005606,77.543898,F-02-01,D-0011,,,LT-9m-Steel,W-013,560068,KSPDB-SD02-D-0011-0029
P-000895,13.005554,77.543725,F-02-01,D-0011,,,LT-8m-PCC,W-013,560068,KSPDB-SD02-D-0011-0030
P-000896,13.005514,77.543385,F-02-01,D-0011,,,LT-9m-Steel,W-013,,KSPDB-SD02-D-0011-0031
P-000897,13.005581,77.543113,F-02-01,D-0011,,,LT-8m-Steel,W-013,560068,KSPDB-SD02-D-0011-0032
P-000898,13.005669,77.542928,F-02-01,D-0011,,,LT-8m-PCC,W-013,560068,KSPDB-SD02-D-0011-0033
P-000899,13.005798,77.542698,F-02-01,D-0011,,,LT-9m-PCC,W-013,560068,KSPDB-SD02-D-0011-0034
P-000900,13.00595,77.542568,F-02-01,D-0011,,,LT-9m-Steel,W-013,560068,KSPDB-SD02-D-0011-0035
P-000901,13.006115,77.542495,F-02-01,D-0011,,,LT-8m-PCC,W-013,560068,KSPDB-SD02-D-0011-0036
P-000902,13.006306,77.542325,F-02-01,D-0011,,,LT-8m-PCC,W-013,560068,KSPDB-SD02-D-0011-0037
P-000903,13.006521,77.54209,F-02-01,D-0011,,,LT-9m-Steel,W-013,560068,KSPDB-SD02-D-0011-0038
P-000904,13.006698,77.541771,F-02-01,D-0011,,,LT-8m-Steel,W-013,560068,KSPDB-SD02-D-0011-0039
P-000905,13.00676,77.541559,F-02-01,D-0011,,,LT-9m-Steel,W-013,560068,KSPDB-SD02-D-0011-0040
P-000906,13.006821,77.541317,F-02-01,D-0011,,,LT-9m-PCC,W-013,560068,KSPDB-SD02-D-0011-0041
P-000907,13.006803,77.541064,F-02-01,D-0011,,,LT-8m-Steel,W-013,560068,KSPDB-SD02-D-0011-0042
P-000908,13.006805,77.540884,F-02-01,D-0011,,,LT-9m-PCC,W-013,560068,KSPDB-SD02-D-0011-0043
P-000909,13.006835,77.540698,F-02-01,D-0011,,,LT-9m-PCC,W-013,560068,KSPDB-SD02-D-0011-0044
P-000910,13.006786,77.540384,F-02-01,D-0011,,,LT-9m-Steel,W-013,560068,KSPDB-SD02-D-0011-0045
P-000911,13.006856,77.540024,F-02-01,D-0011,,,LT-8m-PCC,W-013,560068,KSPDB-SD02-D-0011-0046
P-000912,13.006909,77.539714,F-02-01,D-0011,,,LT-8m-Steel,W-013,560068,KSPDB-SD02-D-0011-0047
P-000913,13.005657,77.544462,F-02-01,D-0011,,,LT-9m-PCC,W-013,560068,KSPDB-SD02-D-0011-0048
P-000914,13.005501,77.544747,F-02-01,D-0011,,,LT-8m-PCC,W-013,560068,
P-000915,13.005476,77.544896,F-02-01,D-0011,,,LT-8m-PCC,W-013,560068,KSPDB-SD02-D-0011-0050
P-000916,13.005516,77.54508,F-02-01,D-0011,,,LT-8m-PCC,W-013,560068,KSPDB-SD02-D-0011-0051
P-000917,13.005666,77.545363,F-02-01,D-0011,,,LT-8m-Steel,W-013,560068,KSPDB-SD02-D-0011-0052
P-000918,13.005787,77.54567,F-02-01,D-0011,,,LT-8m-PCC,W-013,560068,KSPDB-SD02-D-0011-0053
P-000919,13.005894,77.545812,F-02-01,D-0011,,,LT-9m-Steel,W-013,560068,KSPDB-SD02-D-0011-0054
P-000920,13.006105,77.546053,F-02-01,D-0011,,,LT-9m-PCC,W-013,560068,KSPDB-SD02-D-0011-0055
P-000921,13.00637,77.546272,F-02-01,D-0011,,,LT-8m-PCC,W-013,560068,KSPDB-SD02-D-0011-0056
P-000922,13.006513,77.546533,F-02-01,D-0011,,,LT-9m-PCC,W-013,560068,KSPDB-SD02-D-0011-0057
P-000923,13.006713,77.546706,F-02-01,D-0011,,,LT-8m-Steel,W-013,560068,KSPDB-SD02-D-0011-0058
P-000924,13.006854,77.546815,F-02-01,D-0011,,,LT-9m-PCC,W-013,560068,KSPDB-SD02-D-0011-0059
P-000925,13.007176,77.546903,F-02-01,D-0011,,,LT-8m-PCC,W-013,560068,KSPDB-SD02-D-0011-0060
P-000926,13.007373,77.546957,F-02-01,D-0011,,,LT-8m-Steel,W-013,560068,KSPDB-SD02-D-0011-0061
P-000927,13.007522,77.547,F-02-01,D-0011,,,LT-8m-Steel,W-013,560068,KSPDB-SD02-D-0011-0062
P-000928,13.007685,77.547088,F-02-01,D-0011,,,LT-8m-Steel,W-013,560068,KSPDB-SD02-D-0011-0063
P-000929,13.007806,77.54715,F-02-01,D-0011,,,LT-8m-Steel,W-013,560068,KSPDB-SD02-D-0011-0064
P-000930,13.007984,77.547174,F-02-01,D-0011,,,LT-8m-Steel,W-013,560068,KSPDB-SD02-D-0011-0065
P-000931,13.008253,77.5473,F-02-01,D-0011,,,LT-9m-PCC,W-013,560068,KSPDB-SD02-D-0011-0066
P-000932,13.008576,77.54733,F-02-01,D-0011,,,LT-8m-PCC,W-013,560068,KSPDB-SD02-D-0011-0067
P-000933,13.008712,77.547363,F-02-01,D-0011,,,LT-9m-PCC,W-013,560068,KSPDB-SD02-D-0011-0068
P-000934,13.009048,77.54742,F-02-01,D-0011,,,LT-8m-PCC,W-013,560068,KSPDB-SD02-D-0011-0069
P-000935,13.009373,77.547401,F-02-01,D-0011,,,LT-8m-Steel,W-013,560068,KSPDB-SD02-D-0011-0070
P-000936,13.009703,77.547279,F-02-01,D-0011,,,LT-8m-Steel,W-013,560068,KSPDB-SD02-D-0011-0071
P-000937,13.005867,77.544084,F-02-01,D-0011,,,LT-9m-Steel,W-013,560068,KSPDB-SD02-D-0011-0072
P-000938,13.006009,77.543997,F-02-01,D-0011,,,LT-9m-Steel,W-013,560068,KSPDB-SD02-D-0011-0073
P-000939,13.006345,77.543905,F-02-01,D-0011,,,LT-9m-PCC,W-013,560068,KSPDB-SD02-D-0011-0074
P-000940,13.006654,77.543735,F-02-01,D-0011,,,LT-9m-PCC,W-013,560068,KSPDB-SD02-D-0011-0075
P-000941,13.006796,77.543632,F-02-01,D-0011,,,LT-8m-PCC,W-013,560068,KSPDB-SD02-D-0011-0076
P-000942,13.006956,77.543383,F-02-01,D-0011,,,LT-8m-PCC,W-013,560068,KSPDB-SD02-D-0011-0077
P-000943,13.00703,77.543072,F-02-01,D-0011,,,LT-9m-Steel,W-013,560068,KSPDB-SD02-D-0011-0078
P-000944,13.007149,77.542827,F-02-01,D-0011,,,LT-9m-Steel,W-013,560068,KSPDB-SD02-D-0011-0079
P-000945,13.007283,77.54267,F-02-01,D-0011,,,LT-8m-PCC,W-013,560068,KSPDB-SD02-D-0011-0080
P-000946,13.007371,77.542529,F-02-01,D-0011,,,LT-9m-PCC,W-013,560068,KSPDB-SD02-D-0011-0081
P-000947,13.007502,77.542198,F-02-01,D-0011,,,LT-8m-PCC,W-013,560068,KSPDB-SD02-D-0011-0082
P-000948,13.007509,77.54197,F-02-01,D-0011,,,LT-9m-PCC,W-013,560068,KSPDB-SD02-D-0011-0083
P-000949,13.007382,77.541633,F-02-01,D-0011,,,LT-8m-PCC,W-013,560068,
P-000950,13.007384,77.541356,F-02-01,D-0011,,,LT-8m-Steel,W-013,560068,KSPDB-SD02-D-0011-0085
P-000951,13.00727,77.541014,F-02-01,D-0011,,,LT-8m-Steel,W-013,560068,KSPDB-SD02-D-0011-0086
P-000952,13.007242,77.540747,F-02-01,D-0011,,,LT-9m-PCC,W-013,560068,KSPDB-SD02-D-0011-0087
P-000953,13.007168,77.540594,F-02-01,D-0011,,,LT-9m-PCC,W-013,560068,KSPDB-SD02-D-0011-0088
P-000954,13.007054,77.54044,F-02-01,D-0011,,,LT-9m-PCC,W-013,560068,KSPDB-SD02-D-0011-0089
P-000955,13.006906,77.540351,F-02-01,D-0011,,,LT-9m-Steel,W-013,560068,KSPDB-SD02-D-0011-0090
P-000956,13.006755,77.540315,F-02-01,D-0011,,,LT-9m-Steel,W-013,560068,KSPDB-SD02-D-0011-0091
P-000957,13.006477,77.540299,F-02-01,D-0011,,,LT-8m-PCC,W-013,560068,KSPDB-SD02-D-0011-0092
P-000958,13.006249,77.540359,F-02-01,D-0011,,,LT-9m-Steel,W-013,560068,KSPDB-SD02-D-0011-0093
P-000959,13.006059,77.540372,F-02-01,D-0011,,,LT-8m-PCC,W-013,560068,KSPDB-SD02-D-0011-0094
P-000960,13.005874,77.540317,F-02-01,D-0011,,,LT-8m-PCC,W-013,560068,KSPDB-SD02-D-0011-0095
P-000961,13.005762,77.54024,F-02-01,D-0011,,,LT-8m-PCC,W-013,560068,KSPDB-SD02-D-0011-0096
P-000962,13.005531,77.540045,F-02-01,D-0011,,,LT-9m-PCC,W-013,560068,KSPDB-SD02-D-0011-0097
P-000963,13.005213,77.539941,F-02-01,D-0011,,,LT-8m-Steel,W-013,560068,KSPDB-SD02-D-0011-0098
P-000964,13.005004,77.539871,F-02-01,D-0011,,,LT-9m-Steel,W-013,560068,KSPDB-SD02-D-0011-0099
P-000965,13.004853,77.539826,F-02-01,D-0011,,,LT-8m-PCC,W-013,560068,KSPDB-SD02-D-0011-0100
P-000966,13.004538,77.539728,F-02-01,D-0011,,,LT-8m-Steel,W-013,560068,KSPDB-SD02-D-0011-0101
P-000967,13.004254,77.539676,F-02-01,D-0011,,,LT-8m-PCC,W-013,560068,KSPDB-SD02-D-0011-0102
P-000968,13.004117,77.539609,F-02-01,D-0011,,,LT-9m-PCC,W-013,560068,KSPDB-SD02-D-0011-0103
P-000969,13.003919,77.539575,F-02-01,D-0011,,,LT-8m-PCC,W-013,560068,KSPDB-SD02-D-0011-0104
P-000970,13.003587,77.539464,F-02-01,D-0011,,,LT-9m-Steel,W-013,560068,KSPDB-SD02-D-0011-0105
P-000971,13.00345,77.539357,F-02-01,D-0011,,,LT-8m-Steel,W-013,560068,KSPDB-SD02-D-0011-0106
P-000972,13.003232,77.539146,F-02-01,D-0011,,,LT-9m-PCC,W-013,560068,KSPDB-SD02-D-0011-0107
P-000973,13.002978,77.53892,F-02-01,D-0011,,,LT-8m-PCC,W-013,560068,KSPDB-SD02-D-0011-0108
P-000974,13.002843,77.538682,F-02-01,D-0011,,,LT-9m-Steel,W-013,560068,KSPDB-SD02-D-0011-0109
P-000975,13.002701,77.538479,F-02-01,D-0011,,,LT-9m-Steel,W-013,560068,KSPDB-SD02-D-0011-0110
P-000976,13.002617,77.538134,F-02-01,D-0011,,,LT-9m-PCC,W-013,560068,KSPDB-SD02-D-0011-0111
P-000977,13.002625,77.537791,F-02-01,D-0011,,,LT-9m-Steel,W-013,560068,KSPDB-SD02-D-0011-0112
P-000978,13.002671,77.537637,F-02-01,D-0011,,,LT-9m-Steel,W-013,560068,KSPDB-SD02-D-0011-0113
P-000979,13.002761,77.53748,F-02-01,D-0011,,,LT-9m-Steel,W-013,560068,KSPDB-SD02-D-0011-0114
P-000980,13.00287,77.537196,F-02-01,D-0011,,,LT-9m-Steel,W-013,560068,
P-000981,13.002907,77.537,F-02-01,D-0011,,,LT-8m-PCC,W-013,560068,KSPDB-SD02-D-0011-0116
P-000982,13.003445,77.544963,F-02-01,D-0012,1,,LT-9m-Steel,W-001,560068,
P-000983,13.003723,77.545093,F-02-01,D-0012,2,P-000982,LT-9m-Steel,W-001,560068,KSPDB-SD02-D-0012-0002
P-000984,13.004039,77.545137,F-02-01,D-0012,3,P-000983,LT-9m-Steel,W-001,560068,KSPDB-SD02-D-0012-0003
P-000985,13.004208,77.545159,F-02-01,D-0012,4,P-000984,LT-9m-PCC,W-001,560068,
P-000986,13.004447,77.545227,F-02-01,D-0012,5,P-000985,LT-8m-PCC,W-001,560068,KSPDB-SD02-D-0012-0005
P-000987,13.004723,77.545406,F-02-01,D-0012,6,P-000986,LT-9m-PCC,W-001,560068,KSPDB-SD02-D-0012-0006
P-000988,13.004859,77.545444,F-02-01,D-0012,7,P-000987,LT-9m-Steel,W-001,560068,KSPDB-SD02-D-0012-0007
P-000989,13.00514,77.545604,F-02-01,D-0012,8,P-000988,LT-9m-Steel,W-001,560068,KSPDB-SD02-D-0012-0008
P-000990,13.004929,77.545645,F-02-01,D-0012,1,P-000989,LT-9m-Steel,W-001,560068,KSPDB-SD02-D-0012-0009
P-000991,13.004711,77.545633,F-02-01,D-0012,2,P-000990,LT-9m-Steel,W-001,560068,KSPDB-SD02-D-0012-0010
P-000992,13.004488,77.545614,F-02-01,D-0012,3,P-000991,LT-9m-Steel,W-001,560068,KSPDB-SD02-D-0012-0011
P-000993,13.00421,77.545689,F-02-01,D-0012,4,P-000992,LT-9m-Steel,W-001,560068,KSPDB-SD02-D-0012-0012
P-000994,13.003966,77.545702,F-02-01,D-0012,5,P-000993,LT-8m-Steel,W-001,560068,KSPDB-SD02-D-0012-0013
P-000995,13.003615,77.545704,F-02-01,D-0012,6,P-000994,LT-8m-Steel,W-001,560068,KSPDB-SD02-D-0012-0014
P-000996,13.003357,77.5457,F-02-01,D-0012,7,P-000995,LT-8m-Steel,W-001,560068,KSPDB-SD02-D-0012-0015
P-000997,13.003037,77.545655,F-02-01,D-0012,8,P-000996,LT-9m-PCC,W-001,560068,KSPDB-SD02-D-0012-0016
P-000998,13.002733,77.545547,F-02-01,D-0012,9,P-000997,LT-8m-PCC,W-001,560068,KSPDB-SD02-D-0012-0017
P-000999,13.002622,77.545459,F-02-01,D-0012,10,P-000998,LT-9m-Steel,W-001,560068,KSPDB-SD02-D-0012-0018
P-001000,13.003278,77.544934,F-02-01,D-0012,1,,LT-8m-Steel,W-001,560068,KSPDB-SD02-D-0012-0019
P-001001,13.003335,77.545115,F-02-01,D-0012,2,P-001000,LT-9m-PCC,W-001,560068,KSPDB-SD02-D-0012-0020
P-001002,13.003357,77.545402,F-02-01,D-0012,3,P-001001,LT-8m-PCC,W-001,560068,KSPDB-SD02-D-0012-0021
P-001003,13.003386,77.545739,F-02-01,D-0012,4,P-001002,LT-9m-Steel,W-001,560068,
P-001004,13.003515,77.546003,F-02-01,D-0012,5,P-001003,LT-9m-Steel,W-001,560068,KSPDB-SD02-D-0012-0023
P-001005,13.003585,77.546156,F-02-01,D-0012,6,P-001004,LT-8m-PCC,W-001,560068,KSPDB-SD02-D-0012-0024
P-001006,13.003642,77.546473,F-02-01,D-0012,7,P-001005,LT-8m-PCC,W-001,560068,KSPDB-SD02-D-0012-0025
P-001007,13.003631,77.546751,F-02-01,D-0012,8,P-001006,LT-8m-PCC,W-001,560068,KSPDB-SD02-D-0012-0026
P-001008,13.003722,77.547039,F-02-01,D-0012,9,P-001007,LT-9m-PCC,W-001,560068,KSPDB-SD02-D-0012-0027
P-001009,13.003813,77.547218,F-02-01,D-0012,10,P-001008,LT-8m-Steel,W-001,560068,KSPDB-SD02-D-0012-0028
P-001010,13.004046,77.547452,F-02-01,D-0012,11,P-001009,LT-9m-Steel,W-001,560068,KSPDB-SD02-D-0012-0029
P-001011,13.004173,77.547588,F-02-01,D-0012,12,P-001010,LT-8m-Steel,W-001,560068,KSPDB-SD02-D-0012-0030
P-001012,13.004317,77.5478,F-02-01,D-0012,13,P-001011,LT-8m-PCC,W-001,560068,KSPDB-SD02-D-0012-0031
P-001013,13.004053,77.54567,F-02-01,D-0013,,,LT-9m-PCC,W-035,560068,KSPDB-SD02-D-0013-0001
P-001014,13.003905,77.545623,F-02-01,D-0013,,,LT-9m-Steel,W-035,560068,KSPDB-SD02-D-0013-0002
P-001015,13.003629,77.545497,F-02-01,D-0013,,,LT-9m-Steel,W-035,560068,KSPDB-SD02-D-0013-0003
P-001016,13.003368,77.545323,F-02-01,D-0013,,,LT-8m-Steel,W-035,560068,KSPDB-SD02-D-0013-0004
P-001017,13.003221,77.545194,F-02-01,D-0013,,,LT-9m-PCC,W-035,560068,KSPDB-SD02-D-0013-0005
P-001018,13.003012,77.544937,F-02-01,D-0013,,,LT-8m-PCC,W-035,560068,KSPDB-SD02-D-0013-0006
P-001019,13.002806,77.544673,F-02-01,D-0013,,,LT-8m-PCC,W-035,560068,KSPDB-SD02-D-0013-0007
P-001020,13.002572,77.54441,F-02-01,D-0013,,,LT-8m-PCC,W-035,560068,KSPDB-SD02-D-0013-0008
P-001021,13.002443,77.544094,F-02-01,D-0013,,,LT-9m-Steel,W-035,560068,KSPDB-SD02-D-0013-0009
P-001022,13.002315,77.543782,F-02-01,D-0013,,,LT-8m-PCC,W-035,560068,KSPDB-SD02-D-0013-0010
P-001023,13.002255,77.543584,F-02-01,D-0013,,,LT-8m-PCC,W-035,560068,KSPDB-SD02-D-0013-0011
P-001024,13.002273,77.54325,F-02-01,D-0013,,,LT-8m-PCC,W-035,560068,KSPDB-SD02-D-0013-0012
P-001025,13.002333,77.543076,F-02-01,D-0013,,,LT-8m-Steel,W-035,560068,KSPDB-SD02-D-0013-0013
P-001026,13.004394,77.545485,F-02-01,D-0013,,,LT-9m-PCC,W-035,560068,KSPDB-SD02-D-0013-0014
P-001027,13.004507,77.545204,F-02-01,D-0013,,,LT-8m-Steel,W-035,560068,KSPDB-SD02-D-0013-0015
P-001028,13.004548,77.544957,F-02-01,D-0013,,,LT-9m-PCC,W-035,560068,KSPDB-SD02-D-0013-0016
P-001029,13.004559,77.544779,F-02-01,D-0013,,,LT-8m-Steel,W-035,560068,KSPDB-SD02-D-0013-0017
P-001030,13.004553,77.544639,F-02-01,D-0013,,,LT-9m-PCC,W-035,560068,KSPDB-SD02-D-0013-0018
P-001031,13.004595,77.544329,F-02-01,D-0013,,,LT-8m-PCC,W-035,560068,KSPDB-SD02-D-0013-0019
P-001032,13.004715,77.544039,F-02-01,D-0013,,,LT-8m-PCC,W-035,560068,KSPDB-SD02-D-0013-0020
P-001033,13.004837,77.543751,F-02-01,D-0013,,,LT-8m-PCC,W-035,560068,
P-001034,13.005022,77.543545,F-02-01,D-0013,,,LT-8m-Steel,W-035,560068,KSPDB-SD02-D-0013-0022
P-001035,13.005155,77.543358,F-02-01,D-0013,,,LT-8m-PCC,W-035,560068,KSPDB-SD02-D-0013-0023
P-001036,13.005212,77.543139,F-02-01,D-0013,,,LT-9m-Steel,W-035,560068,KSPDB-SD02-D-0013-0024
P-001037,13.002461,77.543534,F-02-01,D-0013,,,LT-9m-PCC,W-035,560068,KSPDB-SD02-D-0013-0025
P-001038,13.002644,77.543715,F-02-01,D-0013,,,LT-8m-Steel,W-035,560068,KSPDB-SD02-D-0013-0026
P-001039,13.002699,77.543843,F-02-01,D-0013,,,LT-8m-PCC,W-035,560068,KSPDB-SD02-D-0013-0027
P-001040,13.002804,77.543999,F-02-01,D-0013,,,LT-8m-PCC,W-035,560068,KSPDB-SD02-D-0013-0028
P-001041,13.002965,77.544129,F-02-01,D-0013,,,LT-9m-PCC,W-035,560068,KSPDB-SD02-D-0013-0029
P-001042,13.003102,77.544341,F-02-01,D-0013,,,LT-8m-PCC,W-035,560068,KSPDB-SD02-D-0013-0030
P-001043,13.003165,77.54448,F-02-01,D-0013,,,LT-8m-PCC,W-035,560068,KSPDB-SD02-D-0013-0031
P-001044,13.003189,77.544836,F-02-01,D-0013,,,LT-9m-PCC,W-035,560068,KSPDB-SD02-D-0013-0032
P-001045,13.003197,77.545094,F-02-01,D-0013,,,LT-9m-PCC,W-035,560068,KSPDB-SD02-D-0013-0033
P-001046,13.00321,77.545332,F-02-01,D-0013,,,LT-9m-Steel,W-035,560068,KSPDB-SD02-D-0013-0034
P-001047,13.003243,77.545498,F-02-01,D-0013,,,LT-9m-Steel,W-035,560068,KSPDB-SD02-D-0013-0035
P-001048,13.003381,77.545705,F-02-01,D-0013,,,LT-9m-PCC,W-035,560068,KSPDB-SD02-D-0013-0036
P-001049,13.002472,77.543644,F-02-01,D-0013,,,LT-8m-Steel,W-035,560068,
P-001050,13.00229,77.543645,F-02-01,D-0013,,,LT-9m-Steel,W-035,560068,KSPDB-SD02-D-0013-0038
P-001051,13.002059,77.543551,F-02-01,D-0013,,,LT-9m-PCC,W-035,560068,KSPDB-SD02-D-0013-0039
P-001052,13.00183,77.543361,F-02-01,D-0013,,,LT-8m-PCC,W-035,560068,KSPDB-SD02-D-0013-0040
P-001053,13.001633,77.543264,F-02-01,D-0013,,,LT-8m-Steel,W-035,560068,KSPDB-SD02-D-0013-0041
P-001054,13.001342,77.54316,F-02-01,D-0013,,,LT-8m-PCC,W-035,560068,KSPDB-SD02-D-0013-0042
P-001055,13.001081,77.543096,F-02-01,D-0013,,,LT-9m-Steel,W-035,560068,KSPDB-SD02-D-0013-0043
P-001056,13.00095,77.543004,F-02-01,D-0013,,,LT-8m-PCC,W-035,560068,KSPDB-SD02-D-0013-0044
P-001057,13.000812,77.542956,F-02-01,D-0013,,,LT-8m-Steel,W-035,560068,
P-001058,13.000623,77.542813,F-02-01,D-0013,,,LT-9m-PCC,W-035,560068,KSPDB-SD02-D-0013-0046
P-001059,13.00051,77.542655,F-02-01,D-0013,,,LT-9m-PCC,W-035,560068,KSPDB-SD02-D-0013-0047
P-001060,13.00038,77.542525,F-02-01,D-0013,,,LT-8m-Steel,W-035,560068,KSPDB-SD02-D-0013-0048
P-001061,13.00027,77.542442,F-02-01,D-0013,,,LT-8m-PCC,W-035,560068,KSPDB-SD02-D-0013-0049
P-001062,13.000148,77.54234,F-02-01,D-0013,,,LT-8m-PCC,W-035,560068,KSPDB-SD02-D-0013-0050
P-001063,13.004271,77.545496,F-02-01,D-0013,,,LT-8m-Steel,W-035,560068,
P-001064,13.004129,77.545285,F-02-01,D-0013,,,LT-9m-PCC,W-035,560068,KSPDB-SD02-D-0013-0052
P-001065,13.004001,77.54513,F-02-01,D-0013,,,LT-8m-PCC,W-035,560068,KSPDB-SD02-D-0013-0053
P-001066,13.003803,77.544979,F-02-01,D-0013,,,LT-9m-Steel,W-035,560068,KSPDB-SD02-D-0013-0054
P-001067,13.00354,77.544811,F-02-01,D-0013,,,LT-8m-Steel,W-035,560068,KSPDB-SD02-D-0013-0055
P-001068,13.003201,77.544708,F-02-01,D-0013,,,LT-9m-Steel,W-035,560068,KSPDB-SD02-D-0013-0056
P-001069,13.002993,77.544617,F-02-01,D-0013,,,LT-9m-Steel,W-035,560068,KSPDB-SD02-D-0013-0057
P-001070,13.002792,77.544451,F-02-01,D-0013,,,LT-9m-PCC,W-035,560068,KSPDB-SD02-D-0013-0058
P-001071,13.002519,77.54435,F-02-01,D-0013,,,LT-8m-Steel,W-035,560068,KSPDB-SD02-D-0013-0059
P-001072,13.002344,77.544282,F-02-01,D-0013,,,LT-8m-PCC,W-035,560068,KSPDB-SD02-D-0013-0060
P-001073,13.002231,77.544174,F-02-01,D-0013,,,LT-8m-PCC,W-035,560068,KSPDB-SD02-D-0013-0061
P-001074,13.002103,77.543937,F-02-01,D-0013,,,LT-8m-Steel,W-035,560068,KSPDB-SD02-D-0013-0062
P-001075,13.001935,77.543624,F-02-01,D-0013,,,LT-9m-PCC,W-035,560068,KSPDB-SD02-D-0013-0063
P-001076,13.001835,77.543508,F-02-01,D-0013,,,LT-8m-PCC,W-035,560068,KSPDB-SD02-D-0013-0064
P-001077,13.001569,77.543294,F-02-01,D-0013,,,LT-8m-PCC,W-035,,
P-001078,13.001366,77.543167,F-02-01,D-0013,,,LT-8m-PCC,W-035,560068,KSPDB-SD02-D-0013-0066
P-001079,13.001175,77.543133,F-02-01,D-0013,,,LT-9m-PCC,W-035,560068,KSPDB-SD02-D-0013-0067
P-001080,13.000901,77.542969,F-02-01,D-0013,,,LT-8m-PCC,W-035,560068,KSPDB-SD02-D-0013-0068
P-001081,13.000583,77.542893,F-02-01,D-0013,,,LT-8m-PCC,W-035,560068,KSPDB-SD02-D-0013-0069
P-001082,13.000313,77.542795,F-02-01,D-0013,,,LT-9m-Steel,W-035,560068,KSPDB-SD02-D-0013-0070
P-001083,13.000165,77.542731,F-02-01,D-0013,,,LT-9m-PCC,W-035,560068,KSPDB-SD02-D-0013-0071
P-001084,12.999833,77.54269,F-02-01,D-0013,,,LT-8m-PCC,W-035,560068,KSPDB-SD02-D-0013-0072
P-001085,12.999688,77.542607,F-02-01,D-0013,,,LT-9m-PCC,W-035,560068,KSPDB-SD02-D-0013-0073
P-001086,13.009007,77.543785,F-02-01,D-0014,,,LT-8m-Steel,W-078,560068,KSPDB-SD02-D-0014-0001
P-001087,13.009101,77.543593,F-02-01,D-0014,,,LT-9m-Steel,W-078,560068,KSPDB-SD02-D-0014-0002
P-001088,13.009168,77.543325,F-02-01,D-0014,,,LT-8m-PCC,W-078,560068,KSPDB-SD02-D-0014-0003
P-001089,13.009184,77.543104,F-02-01,D-0014,,,LT-9m-Steel,W-078,560068,KSPDB-SD02-D-0014-0004
P-001090,13.009202,77.542944,F-02-01,D-0014,,,LT-9m-Steel,W-078,560068,KSPDB-SD02-D-0014-0005
P-001091,13.008833,77.543216,F-02-01,D-0014,,,LT-8m-PCC,W-078,560068,KSPDB-SD02-D-0014-0006
P-001092,13.008609,77.543097,F-02-01,D-0014,,,LT-8m-Steel,W-078,560068,KSPDB-SD02-D-0014-0007
P-001093,13.008471,77.543052,F-02-01,D-0014,,,LT-8m-Steel,W-078,560068,KSPDB-SD02-D-0014-0008
P-001094,13.008332,77.542958,F-02-01,D-0014,,,LT-8m-PCC,W-078,560068,KSPDB-SD02-D-0014-0009
P-001095,13.00806,77.542837,F-02-01,D-0014,,,LT-9m-Steel,W-078,560068,KSPDB-SD02-D-0014-0010
P-001096,13.007856,77.542652,F-02-01,D-0014,,,LT-9m-Steel,W-078,560068,KSPDB-SD02-D-0014-0011
P-001097,13.009004,77.544138,F-02-01,D-0014,,,LT-8m-Steel,W-078,560068,KSPDB-SD02-D-0014-0012
P-001098,13.00929,77.544214,F-02-01,D-0014,,,LT-8m-Steel,W-078,560068,KSPDB-SD02-D-0014-0013
P-001099,13.009482,77.54434,F-02-01,D-0014,,,LT-8m-Steel,W-078,560068,KSPDB-SD02-D-0014-0014
P-001100,13.009797,77.544414,F-02-01,D-0014,,,LT-9m-Steel,W-078,560068,KSPDB-SD02-D-0014-0015
P-001101,13.008653,77.543774,F-02-01,D-0014,,,LT-9m-Steel,W-078,560068,KSPDB-SD02-D-0014-0016
P-001102,13.008525,77.543667,F-02-01,D-0014,,,LT-8m-Steel,W-078,560068,KSPDB-SD02-D-0014-0017
P-001103,13.008329,77.543501,F-02-01,D-0014,,,LT-8m-Steel,W-078,560068,
P-001104,13.008158,77.543195,F-02-01,D-0014,,,LT-9m-Steel,W-078,560068,KSPDB-SD02-D-0014-0019
P-001105,13.007984,77.543019,F-02-01,D-0014,,,LT-9m-PCC,W-078,560068,KSPDB-SD02-D-0014-0020
P-001106,13.008847,77.54376,F-02-01,D-0014,,,LT-9m-Steel,W-078,560068,
P-001107,13.00885,77.543593,F-02-01,D-0014,,,LT-8m-PCC,W-078,560068,KSPDB-SD02-D-0014-0022
P-001108,13.00888,77.543318,F-02-01,D-0014,,,LT-8m-PCC,W-078,560068,KSPDB-SD02-D-0014-0023
P-001109,13.008833,77.543068,F-02-01,D-0014,,,LT-9m-Steel,W-078,560068,KSPDB-SD02-D-0014-0024
P-001110,13.004707,77.543778,F-02-01,D-0015,,,LT-9m-PCC,W-011,560068,KSPDB-SD02-D-0015-0001
P-001111,13.004419,77.543628,F-02-01,D-0015,,,LT-8m-Steel,W-011,560068,KSPDB-SD02-D-0015-0002
P-001112,13.004228,77.543564,F-02-01,D-0015,,,LT-9m-PCC,W-011,560068,KSPDB-SD02-D-0015-0003
P-001113,13.004087,77.543547,F-02-01,D-0015,,,LT-9m-PCC,W-011,560068,KSPDB-SD02-D-0015-0004
P-001114,13.00393,77.543569,F-02-01,D-0015,,,LT-8m-Steel,W-011,560068,KSPDB-SD02-D-0015-0005
P-001115,13.003657,77.543698,F-02-01,D-0015,,,LT-8m-Steel,W-011,560068,KSPDB-SD02-D-0015-0006
P-001116,13.003431,77.543903,F-02-01,D-0015,,,LT-8m-PCC,W-011,560068,KSPDB-SD02-D-0015-0007
P-001117,13.003296,77.544038,F-02-01,D-0015,,,LT-9m-PCC,W-011,560068,KSPDB-SD02-D-0015-0008
P-001118,13.003126,77.544309,F-02-01,D-0015,,,LT-8m-Steel,W-011,560068,KSPDB-SD02-D-0015-0009
P-001119,13.002935,77.544524,F-02-01,D-0015,,,LT-8m-PCC,W-011,560068,KSPDB-SD02-D-0015-0010
P-001120,13.002848,77.544734,F-02-01,D-0015,,,LT-9m-PCC,W-011,560068,KSPDB-SD02-D-0015-0011
P-001121,13.002836,77.545097,F-02-01,D-0015,,,LT-8m-Steel,W-011,560068,KSPDB-SD02-D-0015-0012
P-001122,13.002789,77.545358,F-02-01,D-0015,,,LT-9m-PCC,W-011,560068,
P-001123,13.002685,77.545523,F-02-01,D-0015,,,LT-8m-PCC,W-011,560068,KSPDB-SD02-D-0015-0014
P-001124,13.002542,77.545805,F-02-01,D-0015,,,LT-9m-Steel,W-011,560068,KSPDB-SD02-D-0015-0015
P-001125,13.002485,77.54613,F-02-01,D-0015,,,LT-9m-PCC,W-011,560068,KSPDB-SD02-D-0015-0016
P-001126,13.002528,77.546427,F-02-01,D-0015,,,LT-9m-PCC,W-011,560068,KSPDB-SD02-D-0015-0017
P-001127,13.002608,77.546728,F-02-01,D-0015,,,LT-9m-PCC,W-011,560068,KSPDB-SD02-D-0015-0018
P-001128,13.002688,77.546993,F-02-01,D-0015,,,LT-9m-PCC,W-011,560068,KSPDB-SD02-D-0015-0019
P-001129,13.002864,77.547305,F-02-01,D-0015,,,LT-8m-Steel,W-011,560068,KSPDB-SD02-D-0015-0020
P-001130,13.002926,77.547473,F-02-01,D-0015,,,LT-9m-Steel,W-011,560068,KSPDB-SD02-D-0015-0021
P-001131,13.003011,77.547632,F-02-01,D-0015,,,LT-9m-PCC,W-011,560068,KSPDB-SD02-D-0015-0022
P-001132,13.003072,77.547881,F-02-01,D-0015,,,LT-8m-Steel,W-011,560068,KSPDB-SD02-D-0015-0023
P-001133,13.003105,77.548115,F-02-01,D-0015,,,LT-9m-Steel,W-011,560068,KSPDB-SD02-D-0015-0024
P-001134,13.003137,77.54828,F-02-01,D-0015,,,LT-8m-PCC,W-011,560068,KSPDB-SD02-D-0015-0025
P-001135,13.003186,77.548471,F-02-01,D-0015,,,LT-8m-PCC,W-011,560068,KSPDB-SD02-D-0015-0026
P-001136,13.003222,77.54877,F-02-01,D-0015,,,LT-8m-PCC,W-011,560068,KSPDB-SD02-D-0015-0027
P-001137,13.003196,77.548942,F-02-01,D-0015,,,LT-8m-PCC,W-011,560068,KSPDB-SD02-D-0015-0028
P-001138,13.003154,77.549086,F-02-01,D-0015,,,LT-8m-PCC,W-011,560068,KSPDB-SD02-D-0015-0029
P-001139,13.003168,77.549366,F-02-01,D-0015,,,LT-9m-Steel,W-011,560068,KSPDB-SD02-D-0015-0030
P-001140,13.003212,77.549613,F-02-01,D-0015,,,LT-9m-PCC,W-011,560068,KSPDB-SD02-D-0015-0031
P-001141,13.003263,77.549827,F-02-01,D-0015,,,LT-8m-PCC,W-011,560068,
P-001142,13.003355,77.550016,F-02-01,D-0015,,,LT-9m-PCC,W-011,560068,KSPDB-SD02-D-0015-0033
P-001143,13.003397,77.550192,F-02-01,D-0015,,,LT-9m-PCC,W-011,560068,KSPDB-SD02-D-0015-0034
P-001144,13.003372,77.550445,F-02-01,D-0015,,,LT-9m-PCC,W-011,560068,KSPDB-SD02-D-0015-0035
P-001145,13.003328,77.550703,F-02-01,D-0015,,,LT-9m-PCC,W-011,560068,KSPDB-SD02-D-0015-0036
P-001146,13.00324,77.55087,F-02-01,D-0015,,,LT-9m-PCC,W-011,560068,KSPDB-SD02-D-0015-0037
P-001147,13.003101,77.55103,F-02-01,D-0015,,,LT-9m-Steel,W-011,560068,KSPDB-SD02-D-0015-0038
P-001148,13.002965,77.551157,F-02-01,D-0015,,,LT-9m-PCC,W-011,560068,
P-001149,13.002814,77.551366,F-02-01,D-0015,,,LT-9m-Steel,W-011,560068,KSPDB-SD02-D-0015-0040
P-001150,13.002739,77.551685,F-02-01,D-0015,,,LT-9m-Steel,W-011,560068,KSPDB-SD02-D-0015-0041
P-001151,13.002758,77.551824,F-02-01,D-0015,,,LT-9m-PCC,W-011,560068,KSPDB-SD02-D-0015-0042
P-001152,13.002824,77.552055,F-02-01,D-0015,,,LT-9m-Steel,W-011,560068,KSPDB-SD02-D-0015-0043
P-001153,13.002979,77.552285,F-02-01,D-0015,,,LT-8m-PCC,W-011,560068,KSPDB-SD02-D-0015-0044
P-001154,13.003205,77.55256,F-02-01,D-0015,,,LT-8m-PCC,W-011,560068,KSPDB-SD02-D-0015-0045
P-001155,13.00336,77.5527,F-02-01,D-0015,,,LT-8m-PCC,W-011,560068,KSPDB-SD02-D-0015-0046
P-001156,13.003681,77.552835,F-02-01,D-0015,,,LT-9m-PCC,W-011,560068,
P-001157,13.003908,77.552957,F-02-01,D-0015,,,LT-8m-PCC,W-011,560068,
P-001158,13.004177,77.553169,F-02-01,D-0015,,,LT-8m-Steel,W-011,560068,KSPDB-SD02-D-0015-0049
P-001159,13.004379,77.553256,F-02-01,D-0015,,,LT-8m-Steel,W-011,560068,KSPDB-SD02-D-0015-0050
P-001160,13.004611,77.553293,F-02-01,D-0015,,,LT-8m-Steel,W-011,560068,KSPDB-SD02-D-0015-0051
P-001161,13.004903,77.553465,F-02-01,D-0015,,,LT-8m-PCC,W-011,,KSPDB-SD02-D-0015-0052
P-001162,12.982118,77.548657,F-02-02,D-0016,,,LT-8m-Steel,W-106,560068,KSPDB-SD02-D-0016-0001
P-001163,12.982237,77.548513,F-02-02,D-0016,,,LT-9m-Steel,W-106,560068,KSPDB-SD02-D-0016-0002
P-001164,12.982312,77.548347,F-02-02,D-0016,,,LT-8m-Steel,W-106,560068,KSPDB-SD02-D-0016-0003
P-001165,12.982513,77.548099,F-02-02,D-0016,,,LT-9m-Steel,W-106,560068,KSPDB-SD02-D-0016-0004
P-001166,12.982642,77.547792,F-02-02,D-0016,,,LT-8m-PCC,W-106,560068,KSPDB-SD02-D-0016-0005
P-001167,12.982665,77.547425,F-02-02,D-0016,,,LT-9m-PCC,W-106,560068,KSPDB-SD02-D-0016-0006
P-001168,12.982689,77.547161,F-02-02,D-0016,,,LT-8m-Steel,W-106,,KSPDB-SD02-D-0016-0007
P-001169,12.982727,77.547012,F-02-02,D-0016,,,LT-8m-PCC,W-106,560068,KSPDB-SD02-D-0016-0008
P-001170,12.982891,77.546757,F-02-02,D-0016,,,LT-8m-PCC,W-106,560068,KSPDB-SD02-D-0016-0009
P-001171,12.983008,77.546579,F-02-02,D-0016,,,LT-8m-Steel,W-106,560068,KSPDB-SD02-D-0016-0010
P-001172,12.983227,77.546397,F-02-02,D-0016,,,LT-9m-PCC,W-106,560068,KSPDB-SD02-D-0016-0011
P-001173,12.983483,77.546298,F-02-02,D-0016,,,LT-9m-PCC,W-106,560068,KSPDB-SD02-D-0016-0012
P-001174,12.983644,77.546165,F-02-02,D-0016,,,LT-8m-Steel,W-106,560068,KSPDB-SD02-D-0016-0013
P-001175,12.983862,77.545997,F-02-02,D-0016,,,LT-8m-PCC,W-106,560068,
P-001176,12.984098,77.54587,F-02-02,D-0016,,,LT-8m-Steel,W-106,560068,KSPDB-SD02-D-0016-0015
P-001177,12.984284,77.545756,F-02-02,D-0016,,,LT-9m-PCC,W-106,560068,KSPDB-SD02-D-0016-0016
P-001178,12.984497,77.545666,F-02-02,D-0016,,,LT-8m-Steel,W-106,560068,KSPDB-SD02-D-0016-0017
P-001179,12.984687,77.545667,F-02-02,D-0016,,,LT-8m-PCC,W-106,560068,KSPDB-SD02-D-0016-0018
P-001180,12.98498,77.545736,F-02-02,D-0016,,,LT-9m-PCC,W-106,560068,KSPDB-SD02-D-0016-0019
P-001181,12.985291,77.545828,F-02-02,D-0016,,,LT-9m-PCC,W-106,560068,KSPDB-SD02-D-0016-0020
P-001182,12.982231,77.548991,F-02-02,D-0016,,,LT-9m-PCC,W-106,560068,KSPDB-SD02-D-0016-0021
P-001183,12.982405,77.549098,F-02-02,D-0016,,,LT-8m-PCC,W-106,560068,KSPDB-SD02-D-0016-0022
P-001184,12.982559,77.549183,F-02-02,D-0016,,,LT-8m-Steel,W-106,560068,KSPDB-SD02-D-0016-0023
P-001185,12.982855,77.549316,F-02-02,D-0016,,,LT-9m-PCC,W-106,560068,KSPDB-SD02-D-0016-0024
P-001186,12.98302,77.549337,F-02-02,D-0016,,,LT-8m-PCC,W-106,560068,KSPDB-SD02-D-0016-0025
P-001187,12.983213,77.549356,F-02-02,D-0016,,,LT-8m-PCC,W-106,560068,KSPDB-SD02-D-0016-0026
P-001188,12.983362,77.549322,F-02-02,D-0016,,,LT-9m-Steel,W-106,560068,KSPDB-SD02-D-0016-0027
P-001189,12.9835,77.54934,F-02-02,D-0016,,,LT-9m-PCC,W-106,560068,
P-001190,12.98364,77.549357,F-02-02,D-0016,,,LT-8m-PCC,W-106,560068,KSPDB-SD02-D-0016-0029
P-001191,12.983866,77.549369,F-02-02,D-0016,,,LT-8m-Steel,W-106,560068,
P-001192,12.984204,77.549362,F-02-02,D-0016,,,LT-8m-PCC,W-106,560068,
P-001193,12.981854,77.548705,F-02-02,D-0016,,,LT-8m-PCC,W-106,560068,KSPDB-SD02-D-0016-0032
P-001194,12.981678,77.548574,F-02-02,D-0016,,,LT-9m-Steel,W-106,560068,KSPDB-SD02-D-0016-0033
P-001195,12.981475,77.548337,F-02-02,D-0016,,,LT-9m-PCC,W-106,560068,KSPDB-SD02-D-0016-0034
P-001196,12.981317,77.548211,F-02-02,D-0016,,,LT-8m-PCC,W-106,560068,KSPDB-SD02-D-0016-0035
P-001197,12.981125,77.548048,F-02-02,D-0016,,,LT-8m-Steel,W-106,560068,KSPDB-SD02-D-0016-0036
P-001198,12.980948,77.54787,F-02-02,D-0016,,,LT-9m-Steel,W-106,560068,KSPDB-SD02-D-0016-0037
P-001199,12.980687,77.54767,F-02-02,D-0016,,,LT-8m-PCC,W-106,560068,KSPDB-SD02-D-0016-0038
P-001200,12.980436,77.547562,F-02-02,D-0016,,,LT-8m-Steel,W-106,560068,KSPDB-SD02-D-0016-0039
P-001201,12.980239,77.547404,F-02-02,D-0016,,,LT-9m-PCC,W-106,560068,KSPDB-SD02-D-0016-0040
P-001202,12.980106,77.547287,F-02-02,D-0016,,,LT-9m-Steel,W-106,560068,KSPDB-SD02-D-0016-0041
P-001203,12.97984,77.547187,F-02-02,D-0016,,,LT-8m-PCC,W-106,560068,KSPDB-SD02-D-0016-0042
P-001204,12.97954,77.547195,F-02-02,D-0016,,,LT-9m-Steel,W-106,560068,KSPDB-SD02-D-0016-0043
P-001205,12.979325,77.547198,F-02-02,D-0016,,,LT-8m-Steel,W-106,560068,KSPDB-SD02-D-0016-0044
P-001206,12.979086,77.547145,F-02-02,D-0016,,,LT-9m-PCC,W-106,560068,KSPDB-SD02-D-0016-0045
P-001207,12.978902,77.547026,F-02-02,D-0016,,,LT-9m-PCC,W-106,560068,KSPDB-SD02-D-0016-0046
P-001208,12.978794,77.546877,F-02-02,D-0016,,,LT-9m-PCC,W-106,560068,KSPDB-SD02-D-0016-0047
P-001209,12.978616,77.546751,F-02-02,D-0016,,,LT-9m-PCC,W-106,560068,KSPDB-SD02-D-0016-0048
P-001210,12.982461,77.548103,F-02-02,D-0016,,,LT-8m-PCC,W-106,560068,KSPDB-SD02-D-0016-0049
P-001211,12.982732,77.547872,F-02-02,D-0016,,,LT-8m-Steel,W-106,560068,
P-001212,12.982868,77.547727,F-02-02,D-0016,,,LT-9m-Steel,W-106,560068,KSPDB-SD02-D-0016-0051
P-001213,12.983012,77.547499,F-02-02,D-0016,,,LT-8m-PCC,W-106,560068,KSPDB-SD02-D-0016-0052
P-001214,12.983121,77.547304,F-02-02,D-0016,,,LT-9m-Steel,W-106,560068,KSPDB-SD02-D-0016-0053
P-001215,12.983275,77.547081,F-02-02,D-0016,,,LT-9m-PCC,W-106,560068,KSPDB-SD02-D-0016-0054
P-001216,12.98332,77.546931,F-02-02,D-0016,,,LT-8m-Steel,W-106,560068,KSPDB-SD02-D-0016-0055
P-001217,12.983488,77.546613,F-02-02,D-0016,,,LT-8m-PCC,W-106,560068,
P-001218,12.983637,77.546438,F-02-02,D-0016,,,LT-9m-Steel,W-106,560068,KSPDB-SD02-D-0016-0057
P-001219,12.983732,77.546243,F-02-02,D-0016,,,LT-9m-Steel,W-106,560068,KSPDB-SD02-D-0016-0058
P-001220,12.983809,77.54591,F-02-02,D-0016,,,LT-8m-PCC,W-106,560068,KSPDB-SD02-D-0016-0059
P-001221,12.984003,77.545633,F-02-02,D-0016,,,LT-9m-Steel,W-106,560068,KSPDB-SD02-D-0016-0060
P-001222,12.98412,77.545483,F-02-02,D-0016,,,LT-9m-Steel,W-106,560068,
P-001223,12.984241,77.545323,F-02-02,D-0016,,,LT-8m-PCC,W-106,560068,KSPDB-SD02-D-0016-0062
P-001224,12.984379,77.54522,F-02-02,D-0016,,,LT-8m-Steel,W-106,560068,KSPDB-SD02-D-0016-0063
P-001225,12.98462,77.545007,F-02-02,D-0016,,,LT-8m-PCC,W-106,560068,KSPDB-SD02-D-0016-0064
P-001226,12.984772,77.544833,F-02-02,D-0016,,,LT-8m-PCC,W-106,560068,KSPDB-SD02-D-0016-0065
P-001227,12.984894,77.544727,F-02-02,D-0016,,,LT-8m-Steel,W-106,560068,KSPDB-SD02-D-0016-0066
P-001228,12.985055,77.544541,F-02-02,D-0016,,,LT-9m-Steel,W-106,560068,KSPDB-SD02-D-0016-0067
P-001229,12.981923,77.54872,F-02-02,D-0016,,,LT-8m-PCC,W-106,560068,KSPDB-SD02-D-0016-0068
P-001230,12.981869,77.54845,F-02-02,D-0016,,,LT-9m-Steel,W-106,560068,KSPDB-SD02-D-0016-0069
P-001231,12.981892,77.548195,F-02-02,D-0016,,,LT-9m-Steel,W-106,560068,KSPDB-SD02-D-0016-0070
P-001232,12.981855,77.548027,F-02-02,D-0016,,,LT-9m-Steel,W-106,560068,KSPDB-SD02-D-0016-0071
P-001233,12.98187,77.547677,F-02-02,D-0016,,,LT-8m-PCC,W-106,560068,KSPDB-SD02-D-0016-0072
P-001234,12.981877,77.547445,F-02-02,D-0016,,,LT-8m-Steel,W-106,560068,KSPDB-SD02-D-0016-0073
P-001235,12.981784,77.547176,F-02-02,D-0016,,,LT-9m-PCC,W-106,560068,KSPDB-SD02-D-0016-0074
P-001236,12.981604,77.546932,F-02-02,D-0016,,,LT-8m-Steel,W-106,560068,KSPDB-SD02-D-0016-0075
P-001237,12.981331,77.546711,F-02-02,D-0016,,,LT-8m-PCC,W-106,,KSPDB-SD02-D-0016-0076
P-001238,12.981161,77.546495,F-02-02,D-0016,,,LT-8m-Steel,W-106,560068,KSPDB-SD02-D-0016-0077
P-001239,12.981014,77.546297,F-02-02,D-0016,,,LT-9m-PCC,W-106,560068,KSPDB-SD02-D-0016-0078
P-001240,12.980919,77.546085,F-02-02,D-0016,,,LT-8m-Steel,W-106,560068,KSPDB-SD02-D-0016-0079
P-001241,12.977251,77.544535,F-02-02,D-0017,1,,LT-8m-Steel,W-046,560068,KSPDB-SD02-D-0017-0001
P-001242,12.976983,77.544753,F-02-02,D-0017,2,P-001241,LT-9m-PCC,W-046,560068,KSPDB-SD02-D-0017-0002
P-001243,12.976861,77.544841,F-02-02,D-0017,3,P-001242,LT-9m-PCC,W-046,560068,KSPDB-SD02-D-0017-0003
P-001244,12.97672,77.544902,F-02-02,D-0017,4,P-001243,LT-9m-PCC,W-046,560068,KSPDB-SD02-D-0017-0004
P-001245,12.976499,77.544907,F-02-02,D-0017,5,P-001244,LT-8m-PCC,W-046,560068,KSPDB-SD02-D-0017-0005
P-001246,12.976249,77.545019,F-02-02,D-0017,6,P-001245,LT-9m-PCC,W-046,560068,KSPDB-SD02-D-0017-0006
P-001247,12.975981,77.545145,F-02-02,D-0017,7,P-001246,LT-9m-PCC,W-046,560068,KSPDB-SD02-D-0017-0007
P-001248,12.975678,77.545318,F-02-02,D-0017,8,P-001247,LT-8m-PCC,W-046,560068,KSPDB-SD02-D-0017-0008
P-001249,12.975477,77.545515,F-02-02,D-0017,9,P-001248,LT-9m-Steel,W-046,560068,KSPDB-SD02-D-0017-0009
P-001250,12.975341,77.545637,F-02-02,D-0017,10,P-001249,LT-9m-Steel,W-046,560068,KSPDB-SD02-D-0017-0010
P-001251,12.97513,77.545877,F-02-02,D-0017,11,P-001250,LT-8m-PCC,W-046,560068,KSPDB-SD02-D-0017-0011
P-001252,12.975018,77.545968,F-02-02,D-0017,12,P-001251,LT-9m-Steel,W-046,560068,KSPDB-SD02-D-0017-0012
P-001253,12.974835,77.546143,F-02-02,D-0017,13,P-001252,LT-8m-PCC,W-046,560068,KSPDB-SD02-D-0017-0013
P-001254,12.974686,77.546233,F-02-02,D-0017,14,P-001253,LT-8m-Steel,W-046,560068,KSPDB-SD02-D-0017-0014
P-001255,12.9745,77.546264,F-02-02,D-0017,15,P-001254,LT-9m-Steel,W-046,560068,KSPDB-SD02-D-0017-0015
P-001256,12.974335,77.546223,F-02-02,D-0017,16,P-001255,LT-8m-PCC,W-046,560068,KSPDB-SD02-D-0017-0016
P-001257,12.974029,77.546274,F-02-02,D-0017,17,P-001256,LT-8m-Steel,W-046,560068,KSPDB-SD02-D-0017-0017
P-001258,12.973805,77.546284,F-02-02,D-0017,18,P-001257,LT-8m-Steel,W-046,,KSPDB-SD02-D-0017-0018
P-001259,12.973556,77.546312,F-02-02,D-0017,19,P-001258,LT-9m-PCC,W-046,560068,KSPDB-SD02-D-0017-0019
P-001260,12.973413,77.546358,F-02-02,D-0017,20,P-001259,LT-8m-PCC,W-046,560068,KSPDB-SD02-D-0017-0020
P-001261,12.973214,77.546353,F-02-02,D-0017,21,P-001260,LT-8m-PCC,W-046,560068,KSPDB-SD02-D-0017-0021
P-001262,12.972883,77.546435,F-02-02,D-0017,22,P-001261,LT-9m-PCC,W-046,560068,KSPDB-SD02-D-0017-0022
P-001263,12.972535,77.546476,F-02-02,D-0017,23,P-001262,LT-9m-Steel,W-046,560068,KSPDB-SD02-D-0017-0023
P-001264,12.972264,77.546458,F-02-02,D-0017,24,P-001263,LT-8m-PCC,W-046,560068,KSPDB-SD02-D-0017-0024
P-001265,12.971937,77.546352,F-02-02,D-0017,25,P-001264,LT-8m-Steel,W-046,560068,
P-001266,12.971749,77.546303,F-02-02,D-0017,26,P-001265,LT-8m-PCC,W-046,560068,KSPDB-SD02-D-0017-0026
P-001267,12.971599,77.546251,F-02-02,D-0017,27,P-001266,LT-9m-PCC,W-046,560068,
P-001268,12.971441,77.546124,F-02-02,D-0017,28,P-001267,LT-8m-PCC,W-046,560068,
P-001269,12.97114,77.546027,F-02-02,D-0017,29,P-001268,LT-9m-Steel,W-046,560068,KSPDB-SD02-D-0017-0029
P-001270,12.970809,77.546047,F-02-02,D-0017,30,P-001269,LT-9m-PCC,W-046,560068,KSPDB-SD02-D-0017-0030
P-001271,12.970558,77.546129,F-02-02,D-0017,31,P-001270,LT-9m-PCC,W-046,560068,KSPDB-SD02-D-0017-0031
P-001272,12.970244,77.546291,F-02-02,D-0017,32,P-001271,LT-8m-Steel,W-046,560068,KSPDB-SD02-D-0017-0032
P-001273,12.969976,77.546446,F-02-02,D-0017,33,P-001272,LT-8m-PCC,W-046,560068,KSPDB-SD02-D-0017-0033
P-001274,12.969713,77.546684,F-02-02,D-0017,34,P-001273,LT-9m-PCC,W-046,560068,KSPDB-SD02-D-0017-0034
P-001275,12.969529,77.546839,F-02-02,D-0017,35,P-001274,LT-9m-Steel,W-046,560068,KSPDB-SD02-D-0017-0035
P-001276,12.969426,77.546939,F-02-02,D-0017,36,P-001275,LT-9m-Steel,W-046,560068,KSPDB-SD02-D-0017-0036
P-001277,12.969291,77.547006,F-02-02,D-0017,37,P-001276,LT-9m-Steel,W-046,560068,KSPDB-SD02-D-0017-0037
P-001278,12.968987,77.5472,F-02-02,D-0017,38,P-001277,LT-8m-Steel,W-046,560068,KSPDB-SD02-D-0017-0038
P-001279,12.968845,77.547323,F-02-02,D-0017,39,P-001278,LT-9m-Steel,W-046,560068,KSPDB-SD02-D-0017-0039
P-001280,12.968547,77.547511,F-02-02,D-0017,40,P-001279,LT-8m-Steel,W-046,560068,KSPDB-SD02-D-0017-0040
P-001281,12.968432,77.547586,F-02-02,D-0017,41,P-001280,LT-9m-Steel,W-046,560068,KSPDB-SD02-D-0017-0041
P-001282,12.968303,77.547731,F-02-02,D-0017,42,P-001281,LT-8m-PCC,W-046,560068,KSPDB-SD02-D-0017-0042
P-001283,12.968053,77.547873,F-02-02,D-0017,43,P-001282,LT-9m-Steel,W-046,560068,KSPDB-SD02-D-0017-0043
P-001284,12.967943,77.54798,F-02-02,D-0017,44,P-001283,LT-9m-Steel,W-046,560068,KSPDB-SD02-D-0017-0044
P-001285,12.967835,77.548202,F-02-02,D-0017,45,P-001284,LT-8m-Steel,W-046,560068,
P-001286,12.967651,77.54849,F-02-02,D-0017,46,P-001285,LT-8m-PCC,W-046,560068,KSPDB-SD02-D-0017-0046
P-001287,12.96741,77.548747,F-02-02,D-0017,47,P-001286,LT-8m-PCC,W-046,560068,KSPDB-SD02-D-0017-0047
P-001288,12.967213,77.549031,F-02-02,D-0017,48,P-001287,LT-8m-Steel,W-046,560068,KSPDB-SD02-D-0017-0048
P-001289,12.967109,77.54918,F-02-02,D-0017,49,P-001288,LT-8m-PCC,W-046,560068,
P-001290,12.96697,77.549489,F-02-02,D-0017,50,P-001289,LT-9m-Steel,W-046,560068,KSPDB-SD02-D-0017-0050
P-001291,12.966859,77.549634,F-02-02,D-0017,51,P-001290,LT-9m-Steel,W-046,560068,KSPDB-SD02-D-0017-0051
P-001292,12.975758,77.551584,F-02-02,D-0018,,,LT-8m-PCC,W-059,560068,KSPDB-SD02-D-0018-0001
P-001293,12.975561,77.551727,F-02-02,D-0018,,,LT-9m-Steel,W-059,560068,KSPDB-SD02-D-0018-0002
P-001294,12.975338,77.551779,F-02-02,D-0018,,,LT-9m-Steel,W-059,560068,KSPDB-SD02-D-0018-0003
P-001295,12.975003,77.551756,F-02-02,D-0018,,,LT-8m-PCC,W-059,560068,KSPDB-SD02-D-0018-0004
P-001296,12.974748,77.551765,F-02-02,D-0018,,,LT-8m-Steel,W-059,560068,KSPDB-SD02-D-0018-0005
P-001297,12.974506,77.551737,F-02-02,D-0018,,,LT-9m-PCC,W-059,,KSPDB-SD02-D-0018-0006
P-001298,12.974194,77.551634,F-02-02,D-0018,,,LT-8m-PCC,W-059,560068,KSPDB-SD02-D-0018-0007
P-001299,12.974071,77.551534,F-02-02,D-0018,,,LT-9m-Steel,W-059,560068,KSPDB-SD02-D-0018-0008
P-001300,12.973964,77.551382,F-02-02,D-0018,,,LT-9m-Steel,W-059,560068,
P-001301,12.976333,77.551542,F-02-02,D-0018,,,LT-8m-PCC,W-059,560068,KSPDB-SD02-D-0018-0010
P-001302,12.976524,77.551646,F-02-02,D-0018,,,LT-9m-Steel,W-059,560068,KSPDB-SD02-D-0018-0011
P-001303,12.97681,77.551785,F-02-02,D-0018,,,LT-8m-Steel,W-059,560068,KSPDB-SD02-D-0018-0012
P-001304,12.977002,77.55191,F-02-02,D-0018,,,LT-9m-Steel,W-059,560068,KSPDB-SD02-D-0018-0013
P-001305,12.977224,77.552097,F-02-02,D-0018,,,LT-9m-PCC,W-059,560068,KSPDB-SD02-D-0018-0014
P-001306,12.977442,77.55225,F-02-02,D-0018,,,LT-9m-PCC,W-059,560068,KSPDB-SD02-D-0018-0015
P-001307,12.977668,77.552372,F-02-02,D-0018,,,LT-8m-Steel,W-059,560068,KSPDB-SD02-D-0018-0016
P-001308,12.977866,77.552392,F-02-02,D-0018,,,LT-9m-Steel,W-059,560068,KSPDB-SD02-D-0018-0017
P-001309,12.978108,77.552452,F-02-02,D-0018,,,LT-9m-Steel,W-059,560068,KSPDB-SD02-D-0018-0018
P-001310,12.978344,77.552456,F-02-02,D-0018,,,LT-8m-PCC,W-059,560068,KSPDB-SD02-D-0018-0019
P-001311,12.976201,77.551772,F-02-02,D-0018,,,LT-9m-PCC,W-059,560068,KSPDB-SD02-D-0018-0020
P-001312,12.976392,77.55198,F-02-02,D-0018,,,LT-8m-PCC,W-059,560068,
P-001313,12.976597,77.552086,F-02-02,D-0018,,,LT-8m-PCC,W-059,560068,KSPDB-SD02-D-0018-0022
P-001314,12.976807,77.552172,F-02-02,D-0018,,,LT-9m-Steel,W-059,560068,KSPDB-SD02-D-0018-0023
P-001315,12.976959,77.552181,F-02-02,D-0018,,,LT-9m-PCC,W-059,560068,KSPDB-SD02-D-0018-0024
P-001316,12.977161,77.552218,F-02-02,D-0018,,,LT-8m-PCC,W-059,560068,KSPDB-SD02-D-0018-0025
P-001317,12.977454,77.552235,F-02-02,D-0018,,,LT-9m-Steel,W-059,560068,KSPDB-SD02-D-0018-0026
P-001318,12.977678,77.552229,F-02-02,D-0018,,,LT-8m-Steel,W-059,560068,KSPDB-SD02-D-0018-0027
P-001319,12.977971,77.552124,F-02-02,D-0018,,,LT-9m-PCC,W-059,560068,KSPDB-SD02-D-0018-0028
P-001320,12.97596,77.551677,F-02-02,D-0018,,,LT-9m-Steel,W-059,560068,KSPDB-SD02-D-0018-0029
P-001321,12.975766,77.551947,F-02-02,D-0018,,,LT-8m-Steel,W-059,560068,KSPDB-SD02-D-0018-0030
P-001322,12.975615,77.552062,F-02-02,D-0018,,,LT-8m-PCC,W-059,560068,KSPDB-SD02-D-0018-0031
P-001323,12.975342,77.552193,F-02-02,D-0018,,,LT-8m-PCC,W-059,560068,KSPDB-SD02-D-0018-0032
P-001324,12.975196,77.552304,F-02-02,D-0018,,,LT-8m-PCC,W-059,560068,KSPDB-SD02-D-0018-0033
P-001325,12.975063,77.552389,F-02-02,D-0018,,,LT-8m-Steel,W-059,560068,KSPDB-SD02-D-0018-0034
P-001326,12.974914,77.552583,F-02-02,D-0018,,,LT-8m-Steel,W-059,560068,KSPDB-SD02-D-0018-0035
P-001327,12.974651,77.552748,F-02-02,D-0018,,,LT-8m-PCC,W-059,,KSPDB-SD02-D-0018-0036
P-001328,12.974349,77.552945,F-02-02,D-0018,,,LT-8m-PCC,W-059,560068,KSPDB-SD02-D-0018-0037
P-001329,12.974084,77.553015,F-02-02,D-0018,,,LT-8m-Steel,W-059,560068,KSPDB-SD02-D-0018-0038
P-001330,12.976124,77.551624,F-02-02,D-0018,,,LT-9m-Steel,W-059,560068,KSPDB-SD02-D-0018-0039
P-001331,12.976262,77.551818,F-02-02,D-0018,,,LT-9m-PCC,W-059,560068,KSPDB-SD02-D-0018-0040
P-001332,12.976345,77.552064,F-02-02,D-0018,,,LT-8m-PCC,W-059,560068,KSPDB-SD02-D-0018-0041
P-001333,12.976355,77.55221,F-02-02,D-0018,,,LT-8m-Steel,W-059,560068,KSPDB-SD02-D-0018-0042
P-001334,12.97634,77.552558,F-02-02,D-0018,,,LT-9m-Steel,W-059,560068,KSPDB-SD02-D-0018-0043
P-001335,12.976398,77.552797,F-02-02,D-0018,,,LT-9m-Steel,W-059,560068,KSPDB-SD02-D-0018-0044
P-001336,12.976576,77.5531,F-02-02,D-0018,,,LT-9m-Steel,W-059,560068,KSPDB-SD02-D-0018-0045
P-001337,12.976667,77.553241,F-02-02,D-0018,,,LT-8m-PCC,W-059,560068,KSPDB-SD02-D-0018-0046
P-001338,12.978037,77.550543,F-02-02,D-0019,,,LT-8m-Steel,W-118,560068,KSPDB-SD02-D-0019-0001
P-001339,12.977984,77.550672,F-02-02,D-0019,,,LT-8m-PCC,W-118,560068,KSPDB-SD02-D-0019-0002
P-001340,12.977893,77.550778,F-02-02,D-0019,,,LT-9m-PCC,W-118,560068,KSPDB-SD02-D-0019-0003
P-001341,12.977706,77.550915,F-02-02,D-0019,,,LT-8m-PCC,W-118,560068,KSPDB-SD02-D-0019-0004
P-001342,12.977543,77.551105,F-02-02,D-0019,,,LT-9m-PCC,W-118,560068,KSPDB-SD02-D-0019-0005
P-001343,12.977329,77.551307,F-02-02,D-0019,,,LT-9m-Steel,W-118,560068,KSPDB-SD02-D-0019-0006
P-001344,12.977186,77.551364,F-02-02,D-0019,,,LT-8m-PCC,W-118,560068,KSPDB-SD02-D-0019-0007
P-001345,12.977045,77.551457,F-02-02,D-0019,,,LT-9m-Steel,W-118,560068,KSPDB-SD02-D-0019-0008
P-001346,12.976839,77.551543,F-02-02,D-0019,,,LT-9m-PCC,W-118,560068,KSPDB-SD02-D-0019-0009
P-001347,12.976678,77.551616,F-02-02,D-0019,,,LT-9m-Steel,W-118,560068,
P-001348,12.976537,77.551747,F-02-02,D-0019,,,LT-9m-PCC,W-118,560068,KSPDB-SD02-D-0019-0011
P-001349,12.976426,77.551832,F-02-02,D-0019,,,LT-9m-PCC,W-118,560068,KSPDB-SD02-D-0019-0012
P-001350,12.976272,77.55209,F-02-02,D-0019,,,LT-9m-Steel,W-118,560068,KSPDB-SD02-D-0019-0013
P-001351,12.97606,77.55238,F-02-02,D-0019,,,LT-9m-PCC,W-118,560068,KSPDB-SD02-D-0019-0014
P-001352,12.978383,77.550465,F-02-02,D-0019,,,LT-8m-Steel,W-118,560068,KSPDB-SD02-D-0019-0015
P-001353,12.97862,77.550625,F-02-02,D-0019,,,LT-9m-PCC,W-118,560068,KSPDB-SD02-D-0019-0016
P-001354,12.978772,77.550792,F-02-02,D-0019,,,LT-9m-PCC,W-118,560068,KSPDB-SD02-D-0019-0017
P-001355,12.979083,77.550945,F-02-02,D-0019,,,LT-8m-Steel,W-118,560068,KSPDB-SD02-D-0019-0018
P-001356,12.979307,77.551147,F-02-02,D-0019,,,LT-8m-PCC,W-118,560068,KSPDB-SD02-D-0019-0019
P-001357,12.979531,77.55128,F-02-02,D-0019,,,LT-8m-Steel,W-118,560068,KSPDB-SD02-D-0019-0020
P-001358,12.979695,77.551463,F-02-02,D-0019,,,LT-8m-Steel,W-118,560068,
P-001359,12.979814,77.551648,F-02-02,D-0019,,,LT-8m-Steel,W-118,560068,KSPDB-SD02-D-0019-0022
P-001360,12.979877,77.551932,F-02-02,D-0019,,,LT-8m-Steel,W-118,560068,KSPDB-SD02-D-0019-0023
P-001361,12.979983,77.552091,F-02-02,D-0019,,,LT-8m-PCC,W-118,560068,KSPDB-SD02-D-0019-0024
P-001362,12.980056,77.552212,F-02-02,D-0019,,,LT-9m-PCC,W-118,560068,KSPDB-SD02-D-0019-0025
P-001363,12.980244,77.552405,F-02-02,D-0019,,,LT-9m-Steel,W-118,560068,KSPDB-SD02-D-0019-0026
P-001364,12.978145,77.550425,F-02-02,D-0019,,,LT-8m-PCC,W-118,560068,KSPDB-SD02-D-0019-0027
P-001365,12.978218,77.550268,F-02-02,D-0019,,,LT-8m-PCC,W-118,560068,KSPDB-SD02-D-0019-0028
P-001366,12.97826,77.550077,F-02-02,D-0019,,,LT-9m-PCC,W-118,560068,KSPDB-SD02-D-0019-0029
P-001367,12.978323,77.549788,F-02-02,D-0019,,,LT-8m-Steel,W-118,560068,KSPDB-SD02-D-0019-0030
P-001368,12.978445,77.549448,F-02-02,D-0019,,,LT-8m-Steel,W-118,560068,KSPDB-SD02-D-0019-0031
P-001369,12.978466,77.549298,F-02-02,D-0019,,,LT-8m-PCC,W-118,560068,KSPDB-SD02-D-0019-0032
P-001370,12.97851,77.54913,F-02-02,D-0019,,,LT-9m-Steel,W-118,560068,KSPDB-SD02-D-0019-0033
P-001371,12.978546,77.548971,F-02-02,D-0019,,,LT-8m-Steel,W-118,560068,KSPDB-SD02-D-0019-0034
P-001372,12.978595,77.548766,F-02-02,D-0019,,,LT-8m-PCC,W-118,560068,KSPDB-SD02-D-0019-0035
P-001373,12.978012,77.550052,F-02-02,D-0019,,,LT-9m-Steel,W-118,560068,KSPDB-SD02-D-0019-0036
P-001374,12.977953,77.549922,F-02-02,D-0019,,,LT-9m-Steel,W-118,560068,KSPDB-SD02-D-0019-0037
P-001375,12.977856,77.549634,F-02-02,D-0019,,,LT-9m-Steel,W-118,560068,
P-001376,12.977837,77.549488,F-02-02,D-0019,,,LT-9m-Steel,W-118,,KSPDB-SD02-D-0019-0039
P-001377,12.97776,77.549233,F-02-02,D-0019,,,LT-8m-PCC,W-118,560068,KSPDB-SD02-D-0019-0040
P-001378,12.97768,77.548995,F-02-02,D-0019,,,LT-8m-PCC,W-118,560068,KSPDB-SD02-D-0019-0041
P-001379,12.977583,77.548751,F-02-02,D-0019,,,LT-9m-Steel,W-118,560068,KSPDB-SD02-D-0019-0042
P-001380,12.977525,77.548512,F-02-02,D-0019,,,LT-8m-Steel,W-118,560068,KSPDB-SD02-D-0019-0043
P-001381,12.977386,77.548275,F-02-02,D-0019,,,LT-8m-Steel,W-118,560068,KSPDB-SD02-D-0019-0044
P-001382,12.977261,77.548157,F-02-02,D-0019,,,LT-8m-PCC,W-118,560068,KSPDB-SD02-D-0019-0045
P-001383,12.977083,77.547998,F-02-02,D-0019,,,LT-9m-Steel,W-118,560068,KSPDB-SD02-D-0019-0046
P-001384,12.976854,77.54788,F-02-02,D-0019,,,LT-9m-Steel,W-118,560068,KSPDB-SD02-D-0019-0047
P-001385,12.976582,77.547729,F-02-02,D-0019,,,LT-8m-PCC,W-118,560068,KSPDB-SD02-D-0019-0048
P-001386,12.976319,77.547583,F-02-02,D-0019,,,LT-8m-PCC,W-118,560068,KSPDB-SD02-D-0019-0049
P-001387,12.97605,77.54753,F-02-02,D-0019,,,LT-8m-PCC,W-118,560068,KSPDB-SD02-D-0019-0050
P-001388,12.975787,77.547448,F-02-02,D-0019,,,LT-9m-PCC,W-118,560068,KSPDB-SD02-D-0019-0051
P-001389,12.975653,77.547383,F-02-02,D-0019,,,LT-9m-PCC,W-118,560068,
P-001390,12.975335,77.547361,F-02-02,D-0019,,,LT-9m-Steel,W-118,560068,KSPDB-SD02-D-0019-0053
P-001391,12.975061,77.54727,F-02-02,D-0019,,,LT-9m-PCC,W-118,560068,KSPDB-SD02-D-0019-0054
P-001392,12.974892,77.547252,F-02-02,D-0019,,,LT-8m-Steel,W-118,560068,KSPDB-SD02-D-0019-0055
P-001393,12.974674,77.547189,F-02-02,D-0019,,,LT-9m-Steel,W-118,560068,KSPDB-SD02-D-0019-0056
P-001394,12.977845,77.548477,F-02-02,D-0019,,,LT-9m-PCC,W-118,560068,KSPDB-SD02-D-0019-0057
P-001395,12.97817,77.548542,F-02-02,D-0019,,,LT-9m-Steel,W-118,560068,KSPDB-SD02-D-0019-0058
P-001396,12.978392,77.548645,F-02-02,D-0019,,,LT-8m-Steel,W-118,560068,KSPDB-SD02-D-0019-0059
P-001397,12.978584,77.548829,F-02-02,D-0019,,,LT-8m-Steel,W-118,560068,KSPDB-SD02-D-0019-0060
P-001398,12.978835,77.548963,F-02-02,D-0019,,,LT-9m-Steel,W-118,560068,KSPDB-SD02-D-0019-0061
P-001399,12.979097,77.549097,F-02-02,D-0019,,,LT-9m-PCC,W-118,560068,
P-001400,12.979269,77.549232,F-02-02,D-0019,,,LT-9m-Steel,W-118,560068,KSPDB-SD02-D-0019-0063
P-001401,12.976052,77.553407,F-02-02,D-0020,,,LT-9m-Steel,W-008,560068,
P-001402,12.976221,77.553325,F-02-02,D-0020,,,LT-8m-Steel,W-008,560068,KSPDB-SD02-D-0020-0002
P-001403,12.976341,77.553223,F-02-02,D-0020,,,LT-9m-Steel,W-008,560068,
P-001404,12.97662,77.553023,F-02-02,D-0020,,,LT-9m-PCC,W-008,560068,KSPDB-SD02-D-0020-0004
P-001405,12.976828,77.552805,F-02-02,D-0020,,,LT-8m-PCC,W-008,560068,KSPDB-SD02-D-0020-0005
P-001406,12.976917,77.552653,F-02-02,D-0020,,,LT-9m-PCC,W-008,560068,KSPDB-SD02-D-0020-0006
P-001407,12.976997,77.552367,F-02-02,D-0020,,,LT-9m-PCC,W-008,560068,KSPDB-SD02-D-0020-0007
P-001408,12.977071,77.552028,F-02-02,D-0020,,,LT-8m-PCC,W-008,560068,KSPDB-SD02-D-0020-0008
P-001409,12.977099,77.551822,F-02-02,D-0020,,,LT-9m-Steel,W-008,560068,KSPDB-SD02-D-0020-0009
P-001410,12.977088,77.551551,F-02-02,D-0020,,,LT-9m-Steel,W-008,560068,KSPDB-SD02-D-0020-0010
P-001411,12.977131,77.551407,F-02-02,D-0020,,,LT-9m-PCC,W-008,560068,KSPDB-SD02-D-0020-0011
P-001412,12.977148,77.551189,F-02-02,D-0020,,,LT-9m-PCC,W-008,560068,KSPDB-SD02-D-0020-0012
P-001413,12.977108,77.550958,F-02-02,D-0020,,,LT-9m-Steel,W-008,560068,KSPDB-SD02-D-0020-0013
P-001414,12.976958,77.550656,F-02-02,D-0020,,,LT-8m-PCC,W-008,560068,KSPDB-SD02-D-0020-0014
P-001415,12.976888,77.550377,F-02-02,D-0020,,,LT-8m-Steel,W-008,560068,KSPDB-SD02-D-0020-0015
P-001416,12.976844,77.550243,F-02-02,D-0020,,,LT-8m-PCC,W-008,560068,KSPDB-SD02-D-0020-0016
P-001417,12.976727,77.550051,F-02-02,D-0020,,,LT-9m-PCC,W-008,560068,KSPDB-SD02-D-0020-0017
P-001418,12.976671,77.549915,F-02-02,D-0020,,,LT-9m-Steel,W-008,560068,KSPDB-SD02-D-0020-0018
P-001419,12.976601,77.549758,F-02-02,D-0020,,,LT-8m-PCC,W-008,560068,KSPDB-SD02-D-0020-0019
P-001420,12.976524,77.549586,F-02-02,D-0020,,,LT-9m-PCC,W-008,560068,KSPDB-SD02-D-0020-0020
P-001421,12.976502,77.54928,F-02-02,D-0020,,,LT-8m-Steel,W-008,560068,KSPDB-SD02-D-0020-0021
P-001422,12.976505,77.549039,F-02-02,D-0020,,,LT-8m-Steel,W-008,560068,KSPDB-SD02-D-0020-0022
P-001423,12.976489,77.548785,F-02-02,D-0020,,,LT-8m-PCC,W-008,560068,KSPDB-SD02-D-0020-0023
P-001424,12.976521,77.548583,F-02-02,D-0020,,,LT-9m-PCC,W-008,560068,KSPDB-SD02-D-0020-0024
P-001425,12.97656,77.548419,F-02-02,D-0020,,,LT-9m-PCC,W-008,560068,KSPDB-SD02-D-0020-0025
P-001426,12.976704,77.548193,F-02-02,D-0020,,,LT-8m-Steel,W-008,,KSPDB-SD02-D-0020-0026
P-001427,12.976885,77.548056,F-02-02,D-0020,,,LT-9m-Steel,W-008,560068,KSPDB-SD02-D-0020-0027
P-001428,12.977121,77.547981,F-02-02,D-0020,,,LT-9m-Steel,W-008,560068,KSPDB-SD02-D-0020-0028
P-001429,12.977264,77.547897,F-02-02,D-0020,,,LT-8m-PCC,W-008,560068,KSPDB-SD02-D-0020-0029
P-001430,12.977517,77.547837,F-02-02,D-0020,,,LT-8m-PCC,W-008,560068,
P-001431,12.977792,77.547775,F-02-02,D-0020,,,LT-8m-Steel,W-008,560068,
P-001432,12.978065,77.547782,F-02-02,D-0020,,,LT-9m-PCC,W-008,560068,KSPDB-SD02-D-0020-0032
P-001433,12.978252,77.54775,F-02-02,D-0020,,,LT-9m-Steel,W-008,560068,KSPDB-SD02-D-0020-0033
P-001434,12.978557,77.547806,F-02-02,D-0020,,,LT-9m-Steel,W-008,560068,KSPDB-SD02-D-0020-0034
P-001435,12.978882,77.547917,F-02-02,D-0020,,,LT-9m-Steel,W-008,560068,KSPDB-SD02-D-0020-0035
P-001436,12.979109,77.548094,F-02-02,D-0020,,,LT-9m-Steel,W-008,560068,KSPDB-SD02-D-0020-0036
P-001437,12.979271,77.548236,F-02-02,D-0020,,,LT-8m-Steel,W-008,560068,KSPDB-SD02-D-0020-0037
P-001438,12.979447,77.548444,F-02-02,D-0020,,,LT-9m-Steel,W-008,560068,KSPDB-SD02-D-0020-0038
P-001439,12.979514,77.548641,F-02-02,D-0020,,,LT-9m-PCC,W-008,560068,KSPDB-SD02-D-0020-0039
P-001440,12.979696,77.54885,F-02-02,D-0020,,,LT-9m-Steel,W-008,560068,KSPDB-SD02-D-0020-0040
P-001441,12.979906,77.548955,F-02-02,D-0020,,,LT-8m-PCC,W-008,,KSPDB-SD02-D-0020-0041
P-001442,12.980014,77.549055,F-02-02,D-0020,,,LT-9m-PCC,W-008,560068,KSPDB-SD02-D-0020-0042
P-001443,12.980173,77.54914,F-02-02,D-0020,,,LT-9m-Steel,W-008,,KSPDB-SD02-D-0020-0043
P-001444,12.980428,77.549312,F-02-02,D-0020,,,LT-8m-Steel,W-008,560068,KSPDB-SD02-D-0020-0044
P-001445,12.980581,77.54936,F-02-02,D-0020,,,LT-8m-Steel,W-008,560068,KSPDB-SD02-D-0020-0045
P-001446,12.980856,77.549578,F-02-02,D-0020,,,LT-9m-Steel,W-008,560068,KSPDB-SD02-D-0020-0046
P-001447,12.98117,77.549682,F-02-02,D-0020,,,LT-8m-PCC,W-008,560068,KSPDB-SD02-D-0020-0047
P-001448,12.981308,77.54969,F-02-02,D-0020,,,LT-8m-Steel,W-008,560068,
P-001449,12.981467,77.549675,F-02-02,D-0020,,,LT-9m-PCC,W-008,560068,KSPDB-SD02-D-0020-0049
P-001450,12.981606,77.549666,F-02-02,D-0020,,,LT-8m-PCC,W-008,560068,KSPDB-SD02-D-0020-0050
P-001451,12.981858,77.549712,F-02-02,D-0020,,,LT-8m-Steel,W-008,560068,KSPDB-SD02-D-0020-0051
P-001452,12.982089,77.549816,F-02-02,D-0020,,,LT-8m-PCC,W-008,560068,KSPDB-SD02-D-0020-0052
P-001453,12.982289,77.549958,F-02-02,D-0020,,,LT-8m-Steel,W-008,560068,
P-001454,12.982441,77.550028,F-02-02,D-0020,,,LT-8m-Steel,W-008,560068,KSPDB-SD02-D-0020-0054
P-001455,12.982575,77.550065,F-02-02,D-0020,,,LT-8m-PCC,W-008,560068,KSPDB-SD02-D-0020-0055
P-001456,12.959953,77.638923,F-03-01,D-0021,1,,LT-9m-PCC,W-049,560034,KSPDB-SD03-D-0021-0001
P-001457,12.959913,77.638756,F-03-01,D-0021,2,P-001456,LT-8m-PCC,W-049,560034,KSPDB-SD03-D-0021-0002
P-001458,12.959725,77.638465,F-03-01,D-0021,3,P-001457,LT-9m-PCC,W-049,560034,
P-001459,12.959615,77.638223,F-03-01,D-0021,4,P-001458,LT-9m-Steel,W-049,560034,KSPDB-SD03-D-0021-0004
P-001460,12.959499,77.638108,F-03-01,D-0021,5,P-001459,LT-8m-PCC,W-049,560034,KSPDB-SD03-D-0021-0005
P-001461,12.959298,77.637836,F-03-01,D-0021,6,P-001460,LT-8m-Steel,W-049,560034,
P-001462,12.959071,77.637625,F-03-01,D-0021,7,P-001461,LT-9m-PCC,W-049,560034,KSPDB-SD03-D-0021-0007
P-001463,12.958864,77.637527,F-03-01,D-0021,8,P-001462,LT-9m-Steel,W-049,560034,KSPDB-SD03-D-0021-0008
P-001464,12.958659,77.637411,F-03-01,D-0021,9,P-001463,LT-9m-Steel,W-049,560034,KSPDB-SD03-D-0021-0009
P-001465,12.958328,77.637357,F-03-01,D-0021,10,P-001464,LT-8m-PCC,W-049,560034,KSPDB-SD03-D-0021-0010
P-001466,12.958135,77.637395,F-03-01,D-0021,11,P-001465,LT-8m-Steel,W-049,560034,KSPDB-SD03-D-0021-0011
P-001467,12.95799,77.63746,F-03-01,D-0021,12,P-001466,LT-8m-Steel,W-049,560034,KSPDB-SD03-D-0021-0012
P-001468,12.957688,77.63751,F-03-01,D-0021,13,P-001467,LT-9m-PCC,W-049,560034,KSPDB-SD03-D-0021-0013
P-001469,12.957499,77.63756,F-03-01,D-0021,14,P-001468,LT-9m-PCC,W-049,560034,KSPDB-SD03-D-0021-0014
P-001470,12.957321,77.637617,F-03-01,D-0021,15,P-001469,LT-9m-PCC,W-049,560034,KSPDB-SD03-D-0021-0015
P-001471,12.957033,77.637643,F-03-01,D-0021,16,P-001470,LT-8m-PCC,W-049,560034,KSPDB-SD03-D-0021-0016
P-001472,12.956744,77.637636,F-03-01,D-0021,17,P-001471,LT-9m-Steel,W-049,560034,KSPDB-SD03-D-0021-0017
P-001473,12.956496,77.637626,F-03-01,D-0021,18,P-001472,LT-8m-PCC,W-049,560034,KSPDB-SD03-D-0021-0018
P-001474,12.956202,77.637638,F-03-01,D-0021,19,P-001473,LT-9m-Steel,W-049,560034,KSPDB-SD03-D-0021-0019
P-001475,12.955876,77.637619,F-03-01,D-0021,20,P-001474,LT-9m-Steel,W-049,560034,KSPDB-SD03-D-0021-0020
P-001476,12.955711,77.637608,F-03-01,D-0021,21,P-001475,LT-9m-Steel,W-049,560034,
P-001477,12.955576,77.637563,F-03-01,D-0021,22,P-001476,LT-8m-Steel,W-049,560034,KSPDB-SD03-D-0021-0022
P-001478,12.955438,77.637549,F-03-01,D-0021,23,P-001477,LT-8m-PCC,W-049,560034,KSPDB-SD03-D-0021-0023
P-001479,12.95522,77.637484,F-03-01,D-0021,24,P-001478,LT-8m-PCC,W-049,560034,KSPDB-SD03-D-0021-0024
P-001480,12.954865,77.637451,F-03-01,D-0021,25,P-001479,LT-8m-PCC,W-049,560034,KSPDB-SD03-D-0021-0025
P-001481,12.954716,77.637469,F-03-01,D-0021,26,P-001480,LT-8m-Steel,W-049,560034,
P-001482,12.954397,77.63763,F-03-01,D-0021,27,P-001481,LT-8m-Steel,W-049,560034,KSPDB-SD03-D-0021-0027
P-001483,12.954218,77.637802,F-03-01,D-0021,28,P-001482,LT-9m-Steel,W-049,560034,KSPDB-SD03-D-0021-0028
P-001484,12.954024,77.637942,F-03-01,D-0021,29,P-001483,LT-8m-Steel,W-049,560034,KSPDB-SD03-D-0021-0029
P-001485,12.953817,77.638034,F-03-01,D-0021,30,P-001484,LT-9m-PCC,W-049,560034,KSPDB-SD03-D-0021-0030
P-001486,12.953517,77.638047,F-03-01,D-0021,31,P-001485,LT-9m-PCC,W-049,560034,
P-001487,12.953312,77.638036,F-03-01,D-0021,32,P-001486,LT-9m-PCC,W-049,560034,KSPDB-SD03-D-0021-0032
P-001488,12.953011,77.638047,F-03-01,D-0021,33,P-001487,LT-8m-PCC,W-049,560034,KSPDB-SD03-D-0021-0033
P-001489,12.95276,77.638076,F-03-01,D-0021,34,P-001488,LT-9m-PCC,W-049,560034,
P-001490,12.952474,77.638204,F-03-01,D-0021,35,P-001489,LT-8m-Steel,W-049,560034,KSPDB-SD03-D-0021-0035
P-001491,12.959646,77.638288,F-03-01,D-0021,1,P-001458,LT-8m-PCC,W-049,,KSPDB-SD03-D-0021-0036
P-001492,12.959487,77.637961,F-03-01,D-0021,2,P-001491,LT-8m-PCC,W-049,560034,KSPDB-SD03-D-0021-0037
P-001493,12.959466,77.637734,F-03-01,D-0021,3,P-001492,LT-9m-PCC,W-049,560034,KSPDB-SD03-D-0021-0038
P-001494,12.959361,77.637391,F-03-01,D-0021,4,P-001493,LT-9m-Steel,W-049,560034,KSPDB-SD03-D-0021-0039
P-001495,12.959347,77.637152,F-03-01,D-0021,5,P-001494,LT-9m-Steel,W-049,560034,KSPDB-SD03-D-0021-0040
P-001496,12.959237,77.636856,F-03-01,D-0021,6,P-001495,LT-8m-Steel,W-049,560034,KSPDB-SD03-D-0021-0041
P-001497,12.959204,77.636683,F-03-01,D-0021,7,P-001496,LT-9m-PCC,W-049,560034,KSPDB-SD03-D-0021-0042
P-001498,12.959194,77.636333,F-03-01,D-0021,8,P-001497,LT-8m-Steel,W-049,560034,KSPDB-SD03-D-0021-0043
P-001499,12.959133,77.635992,F-03-01,D-0021,9,P-001498,LT-9m-Steel,W-049,560034,KSPDB-SD03-D-0021-0044
P-001500,12.959091,77.635708,F-03-01,D-0021,10,P-001499,LT-9m-Steel,W-049,560034,KSPDB-SD03-D-0021-0045
P-001501,12.959134,77.635458,F-03-01,D-0021,11,P-001500,LT-9m-PCC,W-049,560034,KSPDB-SD03-D-0021-0046
P-001502,12.959245,77.63521,F-03-01,D-0021,12,P-001501,LT-9m-Steel,W-049,560034,KSPDB-SD03-D-0021-0047
P-001503,12.959275,77.634948,F-03-01,D-0021,13,P-001502,LT-9m-Steel,W-049,560034,
P-001504,12.959316,77.634739,F-03-01,D-0021,14,P-001503,LT-9m-Steel,W-049,560034,KSPDB-SD03-D-0021-0049
P-001505,12.959446,77.634537,F-03-01,D-0021,15,P-001504,LT-9m-PCC,W-049,560034,KSPDB-SD03-D-0021-0050
P-001506,12.959534,77.634204,F-03-01,D-0021,16,P-001505,LT-9m-PCC,W-049,560034,KSPDB-SD03-D-0021-0051
P-001507,12.959528,77.634045,F-03-01,D-0021,17,P-001506,LT-9m-Steel,W-049,560034,KSPDB-SD03-D-0021-0052
P-001508,12.959556,77.633759,F-03-01,D-0021,18,P-001507,LT-9m-Steel,W-049,560034,KSPDB-SD03-D-0021-0053
P-001509,12.959544,77.633583,F-03-01,D-0021,19,P-001508,LT-8m-PCC,W-049,560034,KSPDB-SD03-D-0021-0054
P-001510,12.959504,77.633429,F-03-01,D-0021,20,P-001509,LT-9m-PCC,W-049,560034,KSPDB-SD03-D-0021-0055
P-001511,12.959391,77.633169,F-03-01,D-0021,21,P-001510,LT-8m-Steel,W-049,560034,KSPDB-SD03-D-0021-0056
P-001512,12.959364,77.632869,F-03-01,D-0021,22,P-001511,LT-8m-Steel,W-049,560034,KSPDB-SD03-D-0021-0057
P-001513,12.959269,77.63252,F-03-01,D-0021,23,P-001512,LT-9m-Steel,W-049,560034,KSPDB-SD03-D-0021-0058
P-001514,12.959209,77.632356,F-03-01,D-0021,24,P-001513,LT-9m-Steel,W-049,560034,KSPDB-SD03-D-0021-0059
P-001515,12.959153,77.632219,F-03-01,D-0021,25,P-001514,LT-8m-PCC,W-049,560034,KSPDB-SD03-D-0021-0060
P-001516,12.959124,77.632006,F-03-01,D-0021,26,P-001515,LT-8m-PCC,W-049,560034,KSPDB-SD03-D-0021-0061
P-001517,12.958985,77.6317,F-03-01,D-0021,27,P-001516,LT-9m-PCC,W-049,,KSPDB-SD03-D-0021-0062
P-001518,12.958958,77.631531,F-03-01,D-0021,28,P-001517,LT-8m-Steel,W-049,560034,KSPDB-SD03-D-0021-0063
P-001519,12.958904,77.631391,F-03-01,D-0021,29,P-001518,LT-8m-PCC,W-049,560034,KSPDB-SD03-D-0021-0064
P-001520,12.958837,77.631093,F-03-01,D-0021,30,P-001519,LT-8m-Steel,W-049,560034,KSPDB-SD03-D-0021-0065
P-001521,12.958725,77.630923,F-03-01,D-0021,31,P-001520,LT-8m-PCC,W-049,560034,KSPDB-SD03-D-0021-0066
P-001522,12.958612,77.630598,F-03-01,D-0021,32,P-001521,LT-9m-Steel,W-049,560034,
P-001523,12.958524,77.630492,F-03-01,D-0021,33,P-001522,LT-8m-PCC,W-049,560034,KSPDB-SD03-D-0021-0068
P-001524,12.958415,77.630407,F-03-01,D-0021,34,P-001523,LT-8m-PCC,W-049,560034,KSPDB-SD03-D-0021-0069
P-001525,12.958219,77.630253,F-03-01,D-0021,35,P-001524,LT-9m-PCC,W-049,560034,KSPDB-SD03-D-0021-0070
P-001526,12.957969,77.630143,F-03-01,D-0021,36,P-001525,LT-9m-Steel,W-049,560034,KSPDB-SD03-D-0021-0071
P-001527,12.957801,77.630068,F-03-01,D-0021,37,P-001526,LT-9m-Steel,W-049,560034,KSPDB-SD03-D-0021-0072
P-001528,12.957574,77.63,F-03-01,D-0021,38,P-001527,LT-9m-PCC,W-049,560034,KSPDB-SD03-D-0021-0073
P-001529,12.957319,77.62991,F-03-01,D-0021,39,P-001528,LT-8m-Steel,W-049,,KSPDB-SD03-D-0021-0074
P-001530,12.95707,77.629683,F-03-01,D-0021,40,P-001529,LT-9m-Steel,W-049,560034,KSPDB-SD03-D-0021-0075
P-001531,12.956899,77.629461,F-03-01,D-0021,41,P-001530,LT-9m-Steel,W-049,560034,
P-001532,12.956754,77.629349,F-03-01,D-0021,42,P-001531,LT-9m-PCC,W-049,560034,KSPDB-SD03-D-0021-0077
P-001533,12.956663,77.629231,F-03-01,D-0021,43,P-001532,LT-8m-Steel,W-049,560034,KSPDB-SD03-D-0021-0078
P-001534,12.956575,77.629085,F-03-01,D-0021,44,P-001533,LT-9m-Steel,W-049,560034,KSPDB-SD03-D-0021-0079
P-001535,12.956528,77.628817,F-03-01,D-0021,45,P-001534,LT-9m-PCC,W-049,560034,KSPDB-SD03-D-0021-0080
P-001536,12.956474,77.62861,F-03-01,D-0021,46,P-001535,LT-9m-Steel,W-049,560034,KSPDB-SD03-D-0021-0081
P-001537,12.956486,77.628447,F-03-01,D-0021,47,P-001536,LT-8m-PCC,W-049,560034,KSPDB-SD03-D-0021-0082
P-001538,12.956431,77.628281,F-03-01,D-0021,48,P-001537,LT-8m-Steel,W-049,560034,KSPDB-SD03-D-0021-0083
P-001539,12.956388,77.627994,F-03-01,D-0021,49,P-001538,LT-8m-PCC,W-049,560034,KSPDB-SD03-D-0021-0084
P-001540,12.956307,77.627737,F-03-01,D-0021,50,P-001539,LT-8m-Steel,W-049,560034,
P-001541,12.956182,77.627399,F-03-01,D-0021,51,P-001540,LT-9m-PCC,W-049,560034,KSPDB-SD03-D-0021-0086
P-001542,12.956067,77.627212,F-03-01,D-0021,52,P-001541,LT-9m-Steel,W-049,560034,KSPDB-SD03-D-0021-0087
P-001543,12.956009,77.626902,F-03-01,D-0021,53,P-001542,LT-9m-Steel,W-049,560034,KSPDB-SD03-D-0021-0088
P-001544,12.961121,77.641401,F-03-01,D-0022,1,,LT-9m-PCC,W-026,560034,KSPDB-SD03-D-0022-0001
P-001545,12.960992,77.641456,F-03-01,D-0022,2,P-001544,LT-8m-PCC,W-026,560034,KSPDB-SD03-D-0022-0002
P-001546,12.960763,77.641551,F-03-01,D-0022,3,P-001545,LT-8m-Steel,W-026,560034,KSPDB-SD03-D-0022-0003
P-001547,12.960424,77.641598,F-03-01,D-0022,4,P-001546,LT-9m-PCC,W-026,,KSPDB-SD03-D-0022-0004
P-001548,12.960184,77.64168,F-03-01,D-0022,5,P-001547,LT-8m-PCC,W-026,560034,KSPDB-SD03-D-0022-0005
P-001549,12.960041,77.641768,F-03-01,D-0022,6,P-001548,LT-9m-PCC,W-026,560034,KSPDB-SD03-D-0022-0006
P-001550,12.959828,77.642012,F-03-01,D-0022,7,P-001549,LT-8m-PCC,W-026,560034,KSPDB-SD03-D-0022-0007
P-001551,12.959721,77.642285,F-03-01,D-0022,8,P-001550,LT-9m-Steel,W-026,560034,KSPDB-SD03-D-0022-0008
P-001552,12.959535,77.642523,F-03-01,D-0022,9,P-001551,LT-8m-PCC,W-026,560034,KSPDB-SD03-D-0022-0009
P-001553,12.959343,77.642753,F-03-01,D-0022,10,P-001552,LT-8m-PCC,W-026,560034,KSPDB-SD03-D-0022-0010
P-001554,12.959257,77.642861,F-03-01,D-0022,11,P-001553,LT-8m-Steel,W-026,560034,KSPDB-SD03-D-0022-0011
P-001555,12.961376,77.6414,F-03-01,D-0022,1,,LT-8m-Steel,W-026,560034,KSPDB-SD03-D-0022-0012
P-001556,12.961322,77.641539,F-03-01,D-0022,2,P-001555,LT-8m-Steel,W-026,560034,KSPDB-SD03-D-0022-0013
P-001557,12.961223,77.64181,F-03-01,D-0022,3,P-001556,LT-9m-Steel,W-026,560034,KSPDB-SD03-D-0022-0014
P-001558,12.961094,77.642047,F-03-01,D-0022,4,P-001557,LT-9m-Steel,W-026,560034,
P-001559,12.960888,77.642319,F-03-01,D-0022,5,P-001558,LT-8m-PCC,W-026,560034,KSPDB-SD03-D-0022-0016
P-001560,12.96076,77.642446,F-03-01,D-0022,6,P-001559,LT-8m-Steel,W-026,560034,KSPDB-SD03-D-0022-0017
P-001561,12.960589,77.642563,F-03-01,D-0022,7,P-001560,LT-9m-Steel,W-026,560034,KSPDB-SD03-D-0022-0018
P-001562,12.960451,77.642648,F-03-01,D-0022,8,P-001561,LT-9m-Steel,W-026,560034,KSPDB-SD03-D-0022-0019
P-001563,12.960261,77.6427,F-03-01,D-0022,9,P-001562,LT-8m-PCC,W-026,,KSPDB-SD03-D-0022-0020
P-001564,12.959989,77.642665,F-03-01,D-0022,10,P-001563,LT-8m-PCC,W-026,560034,KSPDB-SD03-D-0022-0021
P-001565,12.959809,77.642643,F-03-01,D-0022,11,P-001564,LT-9m-PCC,W-026,560034,KSPDB-SD03-D-0022-0022
P-001566,12.959608,77.642594,F-03-01,D-0022,12,P-001565,LT-9m-PCC,W-026,560034,
P-001567,12.961553,77.641398,F-03-01,D-0022,1,,LT-8m-PCC,W-026,560034,KSPDB-SD03-D-0022-0024
P-001568,12.961652,77.641659,F-03-01,D-0022,2,P-001567,LT-9m-PCC,W-026,560034,KSPDB-SD03-D-0022-0025
P-001569,12.961709,77.641892,F-03-01,D-0022,3,P-001568,LT-9m-Steel,W-026,560034,KSPDB-SD03-D-0022-0026
P-001570,12.961697,77.642139,F-03-01,D-0022,4,P-001569,LT-8m-PCC,W-026,560034,KSPDB-SD03-D-0022-0027
P-001571,12.961711,77.642301,F-03-01,D-0022,5,P-001570,LT-8m-PCC,W-026,560034,KSPDB-SD03-D-0022-0028
P-001572,12.961649,77.642529,F-03-01,D-0022,6,P-001571,LT-8m-Steel,W-026,560034,KSPDB-SD03-D-0022-0029
P-001573,12.961515,77.642767,F-03-01,D-0022,7,P-001572,LT-9m-Steel,W-026,560034,KSPDB-SD03-D-0022-0030
P-001574,12.961374,77.643065,F-03-01,D-0022,8,P-001573,LT-9m-Steel,W-026,560034,KSPDB-SD03-D-0022-0031
P-001575,12.961296,77.643333,F-03-01,D-0022,9,P-001574,LT-8m-Steel,W-026,560034,KSPDB-SD03-D-0022-0032
P-001576,12.962919,77.63851,F-03-01,D-0023,,,LT-9m-PCC,W-034,560034,KSPDB-SD03-D-0023-0001
P-001577,12.962782,77.638345,F-03-01,D-0023,,,LT-9m-PCC,W-034,560034,KSPDB-SD03-D-0023-0002
P-001578,12.962564,77.638187,F-03-01,D-0023,,,LT-8m-Steel,W-034,560034,KSPDB-SD03-D-0023-0003
P-001579,12.962349,77.638097,F-03-01,D-0023,,,LT-8m-PCC,W-034,560034,KSPDB-SD03-D-0023-0004
P-001580,12.962095,77.638055,F-03-01,D-0023,,,LT-8m-PCC,W-034,560034,KSPDB-SD03-D-0023-0005
P-001581,12.96183,77.63795,F-03-01,D-0023,,,LT-8m-PCC,W-034,560034,KSPDB-SD03-D-0023-0006
P-001582,12.961569,77.637721,F-03-01,D-0023,,,LT-9m-Steel,W-034,560034,KSPDB-SD03-D-0023-0007
P-001583,12.961374,77.637571,F-03-01,D-0023,,,LT-8m-PCC,W-034,560034,KSPDB-SD03-D-0023-0008
P-001584,12.961173,77.637438,F-03-01,D-0023,,,LT-8m-Steel,W-034,560034,KSPDB-SD03-D-0023-0009
P-001585,12.960898,77.637272,F-03-01,D-0023,,,LT-8m-PCC,W-034,560034,KSPDB-SD03-D-0023-0010
P-001586,12.960651,77.637018,F-03-01,D-0023,,,LT-8m-PCC,W-034,560034,KSPDB-SD03-D-0023-0011
P-001587,12.960584,77.63687,F-03-01,D-0023,,,LT-8m-PCC,W-034,560034,KSPDB-SD03-D-0023-0012
P-001588,12.960388,77.636626,F-03-01,D-0023,,,LT-9m-Steel,W-034,560034,
P-001589,12.960251,77.636417,F-03-01,D-0023,,,LT-8m-Steel,W-034,560034,KSPDB-SD03-D-0023-0014
P-001590,12.960148,77.636298,F-03-01,D-0023,,,LT-8m-PCC,W-034,560034,KSPDB-SD03-D-0023-0015
P-001591,12.959872,77.636105,F-03-01,D-0023,,,LT-9m-PCC,W-034,560034,
P-001592,12.959605,77.636028,F-03-01,D-0023,,,LT-9m-Steel,W-034,560034,KSPDB-SD03-D-0023-0017
P-001593,12.959474,77.635921,F-03-01,D-0023,,,LT-8m-PCC,W-034,560034,KSPDB-SD03-D-0023-0018
P-001594,12.959327,77.635708,F-03-01,D-0023,,,LT-8m-PCC,W-034,560034,
P-001595,12.963404,77.638588,F-03-01,D-0023,,,LT-9m-Steel,W-034,560034,KSPDB-SD03-D-0023-0020
P-001596,12.963636,77.638461,F-03-01,D-0023,,,LT-9m-PCC,W-034,560034,KSPDB-SD03-D-0023-0021
P-001597,12.963775,77.638309,F-03-01,D-0023,,,LT-9m-PCC,W-034,560034,KSPDB-SD03-D-0023-0022
P-001598,12.963864,77.638089,F-03-01,D-0023,,,LT-9m-Steel,W-034,560034,KSPDB-SD03-D-0023-0023
P-001599,12.963866,77.637871,F-03-01,D-0023,,,LT-8m-PCC,W-034,560034,KSPDB-SD03-D-0023-0024
P-001600,12.963912,77.637739,F-03-01,D-0023,,,LT-9m-Steel,W-034,560034,KSPDB-SD03-D-0023-0025
P-001601,12.9639,77.637508,F-03-01,D-0023,,,LT-9m-Steel,W-034,560034,
P-001602,12.96395,77.637308,F-03-01,D-0023,,,LT-9m-Steel,W-034,560034,KSPDB-SD03-D-0023-0027
P-001603,12.964039,77.63706,F-03-01,D-0023,,,LT-9m-Steel,W-034,560034,KSPDB-SD03-D-0023-0028
P-001604,12.964229,77.636832,F-03-01,D-0023,,,LT-9m-PCC,W-034,560034,KSPDB-SD03-D-0023-0029
P-001605,12.964324,77.636633,F-03-01,D-0023,,,LT-9m-Steel,W-034,560034,KSPDB-SD03-D-0023-0030
P-001606,12.964377,77.6363,F-03-01,D-0023,,,LT-8m-PCC,W-034,560034,KSPDB-SD03-D-0023-0031
P-001607,12.964485,77.636021,F-03-01,D-0023,,,LT-8m-PCC,W-034,560034,KSPDB-SD03-D-0023-0032
P-001608,12.964576,77.635831,F-03-01,D-0023,,,LT-8m-Steel,W-034,560034,KSPDB-SD03-D-0023-0033
P-001609,12.964692,77.635639,F-03-01,D-0023,,,LT-8m-Steel,W-034,560034,KSPDB-SD03-D-0023-0034
P-001610,12.964833,77.635386,F-03-01,D-0023,,,LT-9m-Steel,W-034,560034,KSPDB-SD03-D-0023-0035
P-001611,12.964923,77.63523,F-03-01,D-0023,,,LT-8m-Steel,W-034,560034,KSPDB-SD03-D-0023-0036
P-001612,12.965125,77.634946,F-03-01,D-0023,,,LT-9m-Steel,W-034,560034,KSPDB-SD03-D-0023-0037
P-001613,12.965185,77.634783,F-03-01,D-0023,,,LT-9m-PCC,W-034,560034,KSPDB-SD03-D-0023-0038
P-001614,12.965174,77.634491,F-03-01,D-0023,,,LT-9m-PCC,W-034,560034,KSPDB-SD03-D-0023-0039
P-001615,12.965211,77.634341,F-03-01,D-0023,,,LT-9m-PCC,W-034,560034,KSPDB-SD03-D-0023-0040
P-001616,12.965389,77.634097,F-03-01,D-0023,,,LT-9m-PCC,W-034,560034,KSPDB-SD03-D-0023-0041
P-001617,12.961286,77.637176,F-03-01,D-0023,,,LT-8m-PCC,W-034,560034,KSPDB-SD03-D-0023-0042
P-001618,12.961396,77.63696,F-03-01,D-0023,,,LT-9m-PCC,W-034,560034,KSPDB-SD03-D-0023-0043
P-001619,12.961464,77.636692,F-03-01,D-0023,,,LT-9m-PCC,W-034,560034,KSPDB-SD03-D-0023-0044
P-001620,12.961517,77.63652,F-03-01,D-0023,,,LT-8m-PCC,W-034,560034,KSPDB-SD03-D-0023-0045
P-001621,12.961595,77.636267,F-03-01,D-0023,,,LT-9m-Steel,W-034,560034,KSPDB-SD03-D-0023-0046
P-001622,12.961667,77.63606,F-03-01,D-0023,,,LT-8m-Steel,W-034,560034,KSPDB-SD03-D-0023-0047
P-001623,12.961819,77.63583,F-03-01,D-0023,,,LT-9m-Steel,W-034,560034,KSPDB-SD03-D-0023-0048
P-001624,12.961984,77.635543,F-03-01,D-0023,,,LT-9m-Steel,W-034,560034,KSPDB-SD03-D-0023-0049
P-001625,12.962151,77.635356,F-03-01,D-0023,,,LT-8m-Steel,W-034,560034,KSPDB-SD03-D-0023-0050
P-001626,12.962339,77.635175,F-03-01,D-0023,,,LT-9m-PCC,W-034,560034,
P-001627,12.962621,77.634955,F-03-01,D-0023,,,LT-9m-PCC,W-034,560034,KSPDB-SD03-D-0023-0052
P-001628,12.962844,77.63476,F-03-01,D-0023,,,LT-9m-PCC,W-034,560034,KSPDB-SD03-D-0023-0053
P-001629,12.963069,77.634664,F-03-01,D-0023,,,LT-9m-PCC,W-034,560034,KSPDB-SD03-D-0023-0054
P-001630,12.963211,77.634575,F-03-01,D-0023,,,LT-8m-Steel,W-034,560034,KSPDB-SD03-D-0023-0055
P-001631,12.963475,77.634331,F-03-01,D-0023,,,LT-9m-PCC,W-034,560034,
P-001632,12.963611,77.634046,F-03-01,D-0023,,,LT-9m-PCC,W-034,560034,KSPDB-SD03-D-0023-0057
P-001633,12.963681,77.633907,F-03-01,D-0023,,,LT-9m-PCC,W-034,560034,KSPDB-SD03-D-0023-0058
P-001634,12.96422,77.636542,F-03-01,D-0023,,,LT-8m-Steel,W-034,560034,KSPDB-SD03-D-0023-0059
P-001635,12.964094,77.636808,F-03-01,D-0023,,,LT-8m-PCC,W-034,560034,KSPDB-SD03-D-0023-0060
P-001636,12.963986,77.637057,F-03-01,D-0023,,,LT-8m-Steel,W-034,560034,
P-001637,12.963876,77.637384,F-03-01,D-0023,,,LT-9m-PCC,W-034,560034,KSPDB-SD03-D-0023-0062
P-001638,12.963835,77.637519,F-03-01,D-0023,,,LT-8m-Steel,W-034,560034,KSPDB-SD03-D-0023-0063
P-001639,12.963723,77.637846,F-03-01,D-0023,,,LT-9m-Steel,W-034,560034,KSPDB-SD03-D-0023-0064
P-001640,12.963665,77.638052,F-03-01,D-0023,,,LT-9m-Steel,W-034,560034,KSPDB-SD03-D-0023-0065
P-001641,12.963528,77.638387,F-03-01,D-0023,,,LT-8m-PCC,W-034,560034,KSPDB-SD03-D-0023-0066
P-001642,12.963436,77.638537,F-03-01,D-0023,,,LT-9m-PCC,W-034,560034,KSPDB-SD03-D-0023-0067
P-001643,12.96333,77.638791,F-03-01,D-0023,,,LT-8m-PCC,W-034,560034,
P-001644,12.963164,77.639061,F-03-01,D-0023,,,LT-9m-Steel,W-034,560034,KSPDB-SD03-D-0023-0069
P-001645,12.962975,77.639267,F-03-01,D-0023,,,LT-8m-PCC,W-034,560034,
P-001646,12.962807,77.639475,F-03-01,D-0023,,,LT-9m-Steel,W-034,560034,KSPDB-SD03-D-0023-0071
P-001647,12.962699,77.639649,F-03-01,D-0023,,,LT-9m-Steel,W-034,560034,KSPDB-SD03-D-0023-0072
P-001648,12.962648,77.639783,F-03-01,D-0023,,,LT-8m-Steel,W-034,560034,KSPDB-SD03-D-0023-0073
P-001649,12.960861,77.637073,F-03-01,D-0023,,,LT-9m-PCC,W-034,560034,KSPDB-SD03-D-0023-0074
P-001650,12.960883,77.636872,F-03-01,D-0023,,,LT-9m-Steel,W-034,560034,KSPDB-SD03-D-0023-0075
P-001651,12.960858,77.636732,F-03-01,D-0023,,,LT-9m-PCC,W-034,560034,KSPDB-SD03-D-0023-0076
P-001652,12.960882,77.636555,F-03-01,D-0023,,,LT-8m-PCC,W-034,560034,KSPDB-SD03-D-0023-0077
P-001653,12.960892,77.636383,F-03-01,D-0023,,,LT-8m-PCC,W-034,560034,KSPDB-SD03-D-0023-0078
P-001654,12.960924,77.63606,F-03-01,D-0023,,,LT-9m-Steel,W-034,560034,KSPDB-SD03-D-0023-0079
P-001655,12.961008,77.635773,F-03-01,D-0023,,,LT-9m-PCC,W-034,560034,KSPDB-SD03-D-0023-0080
P-001656,12.961103,77.635465,F-03-01,D-0023,,,LT-9m-Steel,W-034,560034,KSPDB-SD03-D-0023-0081
P-001657,12.961106,77.635248,F-03-01,D-0023,,,LT-9m-Steel,W-034,560034,KSPDB-SD03-D-0023-0082
P-001658,12.961163,77.635087,F-03-01,D-0023,,,LT-8m-Steel,W-034,560034,KSPDB-SD03-D-0023-0083
P-001659,12.961163,77.634913,F-03-01,D-0023,,,LT-8m-PCC,W-034,560034,KSPDB-SD03-D-0023-0084
P-001660,12.961165,77.634546,F-03-01,D-0023,,,LT-9m-PCC,W-034,560034,
P-001661,12.961125,77.634357,F-03-01,D-0023,,,LT-8m-PCC,W-034,560034,KSPDB-SD03-D-0023-0086
P-001662,12.96108,77.634075,F-03-01,D-0023,,,LT-8m-Steel,W-034,560034,KSPDB-SD03-D-0023-0087
P-001663,12.9611,77.633769,F-03-01,D-0023,,,LT-8m-PCC,W-034,560034,KSPDB-SD03-D-0023-0088
P-001664,12.966839,77.643342,F-03-01,D-0024,,,LT-9m-PCC,W-030,560034,KSPDB-SD03-D-0024-0001
P-001665,12.967103,77.643432,F-03-01,D-0024,,,LT-9m-PCC,W-030,,KSPDB-SD03-D-0024-0002
P-001666,12.967387,77.643425,F-03-01,D-0024,,,LT-8m-Steel,W-030,560034,KSPDB-SD03-D-0024-0003
P-001667,12.967675,77.643473,F-03-01,D-0024,,,LT-8m-PCC,W-030,560034,KSPDB-SD03-D-0024-0004
P-001668,12.967935,77.643429,F-03-01,D-0024,,,LT-9m-PCC,W-030,560034,KSPDB-SD03-D-0024-0005
P-001669,12.968276,77.643367,F-03-01,D-0024,,,LT-8m-PCC,W-030,560034,
P-001670,12.968505,77.643327,F-03-01,D-0024,,,LT-9m-PCC,W-030,560034,KSPDB-SD03-D-0024-0007
P-001671,12.968785,77.643191,F-03-01,D-0024,,,LT-8m-Steel,W-030,560034,KSPDB-SD03-D-0024-0008
P-001672,12.968986,77.643027,F-03-01,D-0024,,,LT-8m-Steel,W-030,560034,KSPDB-SD03-D-0024-0009
P-001673,12.969322,77.642931,F-03-01,D-0024,,,LT-9m-PCC,W-030,560034,KSPDB-SD03-D-0024-0010
P-001674,12.969532,77.642805,F-03-01,D-0024,,,LT-8m-Steel,W-030,560034,KSPDB-SD03-D-0024-0011
P-001675,12.966415,77.643047,F-03-01,D-0024,,,LT-9m-PCC,W-030,560034,KSPDB-SD03-D-0024-0012
P-001676,12.966352,77.642771,F-03-01,D-0024,,,LT-9m-Steel,W-030,560034,
P-001677,12.966265,77.642639,F-03-01,D-0024,,,LT-9m-PCC,W-030,560034,KSPDB-SD03-D-0024-0014
P-001678,12.96606,77.642347,F-03-01,D-0024,,,LT-8m-PCC,W-030,560034,KSPDB-SD03-D-0024-0015
P-001679,12.965992,77.642113,F-03-01,D-0024,,,LT-8m-Steel,W-030,560034,KSPDB-SD03-D-0024-0016
P-001680,12.966361,77.643306,F-03-01,D-0024,,,LT-9m-PCC,W-030,560034,KSPDB-SD03-D-0024-0017
P-001681,12.966189,77.643261,F-03-01,D-0024,,,LT-9m-PCC,W-030,,KSPDB-SD03-D-0024-0018
P-001682,12.965854,77.64323,F-03-01,D-0024,,,LT-9m-PCC,W-030,560034,KSPDB-SD03-D-0024-0019
P-001683,12.965639,77.643233,F-03-01,D-0024,,,LT-8m-PCC,W-030,560034,KSPDB-SD03-D-0024-0020
P-001684,12.965376,77.643144,F-03-01,D-0024,,,LT-8m-Steel,W-030,560034,KSPDB-SD03-D-0024-0021
P-001685,12.968186,77.64316,F-03-01,D-0024,,,LT-9m-PCC,W-030,,KSPDB-SD03-D-0024-0022
P-001686,12.968013,77.643016,F-03-01,D-0024,,,LT-8m-Steel,W-030,560034,KSPDB-SD03-D-0024-0023
P-001687,12.967762,77.642893,F-03-01,D-0024,,,LT-8m-PCC,W-030,560034,KSPDB-SD03-D-0024-0024
P-001688,12.967445,77.642737,F-03-01,D-0024,,,LT-9m-Steel,W-030,560034,KSPDB-SD03-D-0024-0025
P-001689,12.9671,77.642666,F-03-01,D-0024,,,LT-8m-PCC,W-030,560034,KSPDB-SD03-D-0024-0026
P-001690,12.966924,77.642546,F-03-01,D-0024,,,LT-9m-Steel,W-030,560034,KSPDB-SD03-D-0024-0027
P-001691,12.9667,77.642347,F-03-01,D-0024,,,LT-9m-PCC,W-030,560034,KSPDB-SD03-D-0024-0028
P-001692,12.966571,77.642214,F-03-01,D-0024,,,LT-8m-Steel,W-030,560034,KSPDB-SD03-D-0024-0029
P-001693,12.966373,77.642054,F-03-01,D-0024,,,LT-9m-Steel,W-030,560034,
P-001694,12.966059,77.641949,F-03-01,D-0024,,,LT-8m-Steel,W-030,560034,KSPDB-SD03-D-0024-0031
P-001695,12.95924,77.642051,F-03-01,D-0025,,,LT-8m-Steel,W-029,560034,KSPDB-SD03-D-0025-0001
P-001696,12.959381,77.641963,F-03-01,D-0025,,,LT-9m-PCC,W-029,,KSPDB-SD03-D-0025-0002
P-001697,12.959577,77.641762,F-03-01,D-0025,,,LT-8m-PCC,W-029,560034,KSPDB-SD03-D-0025-0003
P-001698,12.959708,77.641652,F-03-01,D-0025,,,LT-9m-PCC,W-029,560034,KSPDB-SD03-D-0025-0004
P-001699,12.959792,77.641521,F-03-01,D-0025,,,LT-9m-PCC,W-029,560034,KSPDB-SD03-D-0025-0005
P-001700,12.960076,77.641324,F-03-01,D-0025,,,LT-8m-PCC,W-029,560034,KSPDB-SD03-D-0025-0006
P-001701,12.960271,77.641134,F-03-01,D-0025,,,LT-9m-PCC,W-029,560034,KSPDB-SD03-D-0025-0007
P-001702,12.960513,77.640969,F-03-01,D-0025,,,LT-8m-PCC,W-029,560034,KSPDB-SD03-D-0025-0008
P-001703,12.960677,77.640788,F-03-01,D-0025,,,LT-8m-PCC,W-029,560034,KSPDB-SD03-D-0025-0009
P-001704,12.960822,77.640702,F-03-01,D-0025,,,LT-8m-PCC,W-029,560034,KSPDB-SD03-D-0025-0010
P-001705,12.961045,77.640622,F-03-01,D-0025,,,LT-9m-PCC,W-029,560034,KSPDB-SD03-D-0025-0011
P-001706,12.961217,77.640599,F-03-01,D-0025,,,LT-8m-PCC,W-029,560034,KSPDB-SD03-D-0025-0012
P-001707,12.961475,77.640522,F-03-01,D-0025,,,LT-8m-PCC,W-029,560034,KSPDB-SD03-D-0025-0013
P-001708,12.961719,77.640398,F-03-01,D-0025,,,LT-8m-Steel,W-029,560034,KSPDB-SD03-D-0025-0014
P-001709,12.962037,77.640356,F-03-01,D-0025,,,LT-9m-PCC,W-029,560034,KSPDB-SD03-D-0025-0015
P-001710,12.962266,77.640364,F-03-01,D-0025,,,LT-9m-PCC,W-029,560034,KSPDB-SD03-D-0025-0016
P-001711,12.962444,77.640361,F-03-01,D-0025,,,LT-8m-PCC,W-029,560034,KSPDB-SD03-D-0025-0017
P-001712,12.962769,77.640218,F-03-01,D-0025,,,LT-8m-Steel,W-029,560034,KSPDB-SD03-D-0025-0018
P-001713,12.963058,77.640057,F-03-01,D-0025,,,LT-8m-Steel,W-029,560034,KSPDB-SD03-D-0025-0019
P-001714,12.963214,77.639859,F-03-01,D-0025,,,LT-9m-Steel,W-029,560034,KSPDB-SD03-D-0025-0020
P-001715,12.963394,77.639644,F-03-01,D-0025,,,LT-9m-Steel,W-029,560034,KSPDB-SD03-D-0025-0021
P-001716,12.963513,77.639556,F-03-01,D-0025,,,LT-8m-Steel,W-029,560034,KSPDB-SD03-D-0025-0022
P-001717,12.963673,77.639502,F-03-01,D-0025,,,LT-9m-PCC,W-029,560034,
P-001718,12.963954,77.639308,F-03-01,D-0025,,,LT-9m-PCC,W-029,560034,KSPDB-SD03-D-0025-0024
P-001719,12.964096,77.639211,F-03-01,D-0025,,,LT-8m-PCC,W-029,560034,KSPDB-SD03-D-0025-0025
P-001720,12.964184,77.63909,F-03-01,D-0025,,,LT-9m-Steel,W-029,560034,
P-001721,12.964308,77.638954,F-03-01,D-0025,,,LT-8m-Steel,W-029,560034,KSPDB-SD03-D-0025-0027
P-001722,12.964531,77.638791,F-03-01,D-0025,,,LT-8m-PCC,W-029,,KSPDB-SD03-D-0025-0028
P-001723,12.964672,77.638596,F-03-01,D-0025,,,LT-9m-PCC,W-029,560034,KSPDB-SD03-D-0025-0029
P-001724,12.964791,77.638509,F-03-01,D-0025,,,LT-8m-PCC,W-029,560034,KSPDB-SD03-D-0025-0030
P-001725,12.964927,77.638404,F-03-01,D-0025,,,LT-8m-PCC,W-029,560034,KSPDB-SD03-D-0025-0031
P-001726,12.965169,77.638336,F-03-01,D-0025,,,LT-8m-Steel,W-029,560034,KSPDB-SD03-D-0025-0032
P-001727,12.965356,77.63835,F-03-01,D-0025,,,LT-8m-PCC,W-029,560034,KSPDB-SD03-D-0025-0033
P-001728,12.965619,77.638382,F-03-01,D-0025,,,LT-8m-Steel,W-029,560034,KSPDB-SD03-D-0025-0034
P-001729,12.965916,77.638439,F-03-01,D-0025,,,LT-9m-Steel,W-029,560034,KSPDB-SD03-D-0025-0035
P-001730,12.966101,77.638413,F-03-01,D-0025,,,LT-8m-PCC,W-029,560034,KSPDB-SD03-D-0025-0036
P-001731,12.966284,77.638446,F-03-01,D-0025,,,LT-9m-PCC,W-029,560034,KSPDB-SD03-D-0025-0037
P-001732,12.961656,77.640556,F-03-01,D-0025,,,LT-9m-PCC,W-029,560034,KSPDB-SD03-D-0025-0038
P-001733,12.961895,77.640606,F-03-01,D-0025,,,LT-8m-PCC,W-029,560034,
P-001734,12.962061,77.640588,F-03-01,D-0025,,,LT-9m-Steel,W-029,560034,KSPDB-SD03-D-0025-0040
P-001735,12.962274,77.640482,F-03-01,D-0025,,,LT-9m-PCC,W-029,560034,KSPDB-SD03-D-0025-0041
P-001736,12.962429,77.640422,F-03-01,D-0025,,,LT-9m-Steel,W-029,560034,KSPDB-SD03-D-0025-0042
P-001737,12.962667,77.640276,F-03-01,D-0025,,,LT-8m-PCC,W-029,560034,KSPDB-SD03-D-0025-0043
P-001738,12.962776,77.64013,F-03-01,D-0025,,,LT-9m-Steel,W-029,560034,
P-001739,12.963013,77.639957,F-03-01,D-0025,,,LT-8m-Steel,W-029,560034,KSPDB-SD03-D-0025-0045
P-001740,12.963172,77.639912,F-03-01,D-0025,,,LT-9m-PCC,W-029,560034,KSPDB-SD03-D-0025-0046
P-001741,12.963375,77.639785,F-03-01,D-0025,,,LT-9m-Steel,W-029,560034,KSPDB-SD03-D-0025-0047
P-001742,12.963579,77.639724,F-03-01,D-0025,,,LT-9m-PCC,W-029,560034,KSPDB-SD03-D-0025-0048
P-001743,12.963803,77.639569,F-03-01,D-0025,,,LT-9m-Steel,W-029,560034,KSPDB-SD03-D-0025-0049
P-001744,12.963991,77.639359,F-03-01,D-0025,,,LT-9m-PCC,W-029,560034,KSPDB-SD03-D-0025-0050
P-001745,12.964097,77.639218,F-03-01,D-0025,,,LT-9m-PCC,W-029,,KSPDB-SD03-D-0025-0051
P-001746,12.964187,77.638896,F-03-01,D-0025,,,LT-8m-PCC,W-029,560034,KSPDB-SD03-D-0025-0052
P-001747,12.964374,77.638621,F-03-01,D-0025,,,LT-9m-Steel,W-029,560034,KSPDB-SD03-D-0025-0053
P-001748,12.964582,77.638322,F-03-01,D-0025,,,LT-8m-PCC,W-029,560034,KSPDB-SD03-D-0025-0054
P-001749,12.96475,77.638039,F-03-01,D-0025,,,LT-9m-PCC,W-029,560034,KSPDB-SD03-D-0025-0055
P-001750,12.964948,77.637809,F-03-01,D-0025,,,LT-9m-Steel,W-029,560034,KSPDB-SD03-D-0025-0056
P-001751,12.965044,77.637641,F-03-01,D-0025,,,LT-9m-Steel,W-029,560034,KSPDB-SD03-D-0025-0057
P-001752,12.973409,77.653542,F-03-02,D-0026,,,LT-8m-PCC,W-094,560034,KSPDB-SD03-D-0026-0001
P-001753,12.973198,77.653674,F-03-02,D-0026,,,LT-9m-PCC,W-094,560034,KSPDB-SD03-D-0026-0002
P-001754,12.973068,77.653744,F-03-02,D-0026,,,LT-8m-Steel,W-094,560034,KSPDB-SD03-D-0026-0003
P-001755,12.972849,77.653835,F-03-02,D-0026,,,LT-9m-PCC,W-094,,KSPDB-SD03-D-0026-0004
P-001756,12.972551,77.653959,F-03-02,D-0026,,,LT-9m-Steel,W-094,560034,
P-001757,12.972313,77.654051,F-03-02,D-0026,,,LT-9m-PCC,W-094,560034,KSPDB-SD03-D-0026-0006
P-001758,12.972039,77.654252,F-03-02,D-0026,,,LT-8m-PCC,W-094,560034,KSPDB-SD03-D-0026-0007
P-001759,12.971858,77.654375,F-03-02,D-0026,,,LT-8m-Steel,W-094,560034,KSPDB-SD03-D-0026-0008
P-001760,12.97164,77.654572,F-03-02,D-0026,,,LT-8m-PCC,W-094,560034,KSPDB-SD03-D-0026-0009
P-001761,12.97149,77.654877,F-03-02,D-0026,,,LT-9m-Steel,W-094,560034,KSPDB-SD03-D-0026-0010
P-001762,12.971271,77.655135,F-03-02,D-0026,,,LT-9m-PCC,W-094,560034,
P-001763,12.971078,77.655249,F-03-02,D-0026,,,LT-9m-Steel,W-094,560034,KSPDB-SD03-D-0026-0012
P-001764,12.973732,77.653618,F-03-02,D-0026,,,LT-9m-PCC,W-094,560034,KSPDB-SD03-D-0026-0013
P-001765,12.973809,77.653772,F-03-02,D-0026,,,LT-8m-Steel,W-094,560034,
P-001766,12.973844,77.653954,F-03-02,D-0026,,,LT-8m-Steel,W-094,560034,KSPDB-SD03-D-0026-0015
P-001767,12.973918,77.654075,F-03-02,D-0026,,,LT-9m-Steel,W-094,560034,KSPDB-SD03-D-0026-0016
P-001768,12.974053,77.654336,F-03-02,D-0026,,,LT-8m-Steel,W-094,560034,KSPDB-SD03-D-0026-0017
P-001769,12.974232,77.654502,F-03-02,D-0026,,,LT-9m-PCC,W-094,560034,KSPDB-SD03-D-0026-0018
P-001770,12.974442,77.654723,F-03-02,D-0026,,,LT-9m-PCC,W-094,560034,KSPDB-SD03-D-0026-0019
P-001771,12.974509,77.654891,F-03-02,D-0026,,,LT-8m-PCC,W-094,560034,KSPDB-SD03-D-0026-0020
P-001772,12.974511,77.655215,F-03-02,D-0026,,,LT-9m-PCC,W-094,560034,KSPDB-SD03-D-0026-0021
P-001773,12.974579,77.655463,F-03-02,D-0026,,,LT-8m-PCC,W-094,560034,KSPDB-SD03-D-0026-0022
P-001774,12.974617,77.655732,F-03-02,D-0026,,,LT-8m-Steel,W-094,560034,KSPDB-SD03-D-0026-0023
P-001775,12.974699,77.65604,F-03-02,D-0026,,,LT-8m-PCC,W-094,560034,
P-001776,12.974771,77.656322,F-03-02,D-0026,,,LT-9m-Steel,W-094,560034,KSPDB-SD03-D-0026-0025
P-001777,12.97357,77.653228,F-03-02,D-0026,,,LT-9m-PCC,W-094,560034,KSPDB-SD03-D-0026-0026
P-001778,12.973477,77.653042,F-03-02,D-0026,,,LT-9m-Steel,W-094,560034,KSPDB-SD03-D-0026-0027
P-001779,12.973357,77.652897,F-03-02,D-0026,,,LT-8m-PCC,W-094,560034,KSPDB-SD03-D-0026-0028
P-001780,12.973243,77.652729,F-03-02,D-0026,,,LT-8m-Steel,W-094,560034,KSPDB-SD03-D-0026-0029
P-001781,12.973114,77.652619,F-03-02,D-0026,,,LT-8m-PCC,W-094,560034,KSPDB-SD03-D-0026-0030
P-001782,12.972887,77.652346,F-03-02,D-0026,,,LT-9m-Steel,W-094,560034,KSPDB-SD03-D-0026-0031
P-001783,12.972764,77.652224,F-03-02,D-0026,,,LT-8m-PCC,W-094,560034,KSPDB-SD03-D-0026-0032
P-001784,12.972634,77.652103,F-03-02,D-0026,,,LT-9m-Steel,W-094,560034,KSPDB-SD03-D-0026-0033
P-001785,12.972475,77.651849,F-03-02,D-0026,,,LT-9m-PCC,W-094,560034,KSPDB-SD03-D-0026-0034
P-001786,12.972231,77.651648,F-03-02,D-0026,,,LT-9m-Steel,W-094,,KSPDB-SD03-D-0026-0035
P-001787,12.972137,77.651514,F-03-02,D-0026,,,LT-9m-Steel,W-094,560034,KSPDB-SD03-D-0026-0036
P-001788,12.971913,77.651372,F-03-02,D-0026,,,LT-9m-Steel,W-094,560034,KSPDB-SD03-D-0026-0037
P-001789,12.971733,77.651246,F-03-02,D-0026,,,LT-9m-Steel,W-094,560034,KSPDB-SD03-D-0026-0038
P-001790,12.971536,77.651022,F-03-02,D-0026,,,LT-8m-PCC,W-094,560034,
P-001791,12.973449,77.653318,F-03-02,D-0026,,,LT-9m-PCC,W-094,560034,KSPDB-SD03-D-0026-0040
P-001792,12.973218,77.653209,F-03-02,D-0026,,,LT-8m-Steel,W-094,,KSPDB-SD03-D-0026-0041
P-001793,12.973113,77.653112,F-03-02,D-0026,,,LT-8m-PCC,W-094,560034,KSPDB-SD03-D-0026-0042
P-001794,12.972829,77.652993,F-03-02,D-0026,,,LT-8m-PCC,W-094,560034,KSPDB-SD03-D-0026-0043
P-001795,12.972486,77.652981,F-03-02,D-0026,,,LT-8m-PCC,W-094,560034,KSPDB-SD03-D-0026-0044
P-001796,12.97215,77.652872,F-03-02,D-0026,,,LT-9m-Steel,W-094,560034,KSPDB-SD03-D-0026-0045
P-001797,12.97191,77.652804,F-03-02,D-0026,,,LT-8m-Steel,W-094,560034,KSPDB-SD03-D-0026-0046
P-001798,12.971712,77.652773,F-03-02,D-0026,,,LT-8m-PCC,W-094,560034,KSPDB-SD03-D-0026-0047
P-001799,12.971364,77.652832,F-03-02,D-0026,,,LT-8m-PCC,W-094,560034,KSPDB-SD03-D-0026-0048
P-001800,12.97103,77.652964,F-03-02,D-0026,,,LT-8m-Steel,W-094,560034,KSPDB-SD03-D-0026-0049
P-001801,12.970754,77.653119,F-03-02,D-0026,,,LT-9m-PCC,W-094,560034,KSPDB-SD03-D-0026-0050
P-001802,12.970489,77.653341,F-03-02,D-0026,,,LT-8m-Steel,W-094,560034,KSPDB-SD03-D-0026-0051
P-001803,12.974695,77.649503,F-03-02,D-0027,,,LT-9m-Steel,W-026,560034,KSPDB-SD03-D-0027-0001
P-001804,12.974525,77.649397,F-03-02,D-0027,,,LT-8m-Steel,W-026,560034,KSPDB-SD03-D-0027-0002
P-001805,12.974253,77.649224,F-03-02,D-0027,,,LT-8m-PCC,W-026,560034,KSPDB-SD03-D-0027-0003
P-001806,12.974052,77.649046,F-03-02,D-0027,,,LT-9m-PCC,W-026,560034,
P-001807,12.973825,77.648843,F-03-02,D-0027,,,LT-8m-Steel,W-026,560034,KSPDB-SD03-D-0027-0005
P-001808,12.97364,77.648584,F-03-02,D-0027,,,LT-8m-PCC,W-026,560034,KSPDB-SD03-D-0027-0006
P-001809,12.973569,77.64839,F-03-02,D-0027,,,LT-8m-PCC,W-026,560034,KSPDB-SD03-D-0027-0007
P-001810,12.973444,77.648136,F-03-02,D-0027,,,LT-9m-Steel,W-026,560034,KSPDB-SD03-D-0027-0008
P-001811,12.973396,77.647848,F-03-02,D-0027,,,LT-9m-Steel,W-026,560034,
P-001812,12.973396,77.647669,F-03-02,D-0027,,,LT-8m-PCC,W-026,560034,KSPDB-SD03-D-0027-0010
P-001813,12.973307,77.647397,F-03-02,D-0027,,,LT-9m-Steel,W-026,560034,KSPDB-SD03-D-0027-0011
P-001814,12.973324,77.647083,F-03-02,D-0027,,,LT-8m-PCC,W-026,560034,KSPDB-SD03-D-0027-0012
P-001815,12.973344,77.646721,F-03-02,D-0027,,,LT-8m-PCC,W-026,560034,KSPDB-SD03-D-0027-0013
P-001816,12.97334,77.6465,F-03-02,D-0027,,,LT-8m-PCC,W-026,560034,KSPDB-SD03-D-0027-0014
P-001817,12.973339,77.646261,F-03-02,D-0027,,,LT-9m-Steel,W-026,560034,KSPDB-SD03-D-0027-0015
P-001818,12.973393,77.64597,F-03-02,D-0027,,,LT-8m-Steel,W-026,560034,KSPDB-SD03-D-0027-0016
P-001819,12.973333,77.645649,F-03-02,D-0027,,,LT-8m-PCC,W-026,560034,KSPDB-SD03-D-0027-0017
P-001820,12.973306,77.645343,F-03-02,D-0027,,,LT-9m-PCC,W-026,560034,KSPDB-SD03-D-0027-0018
P-001821,12.973363,77.645153,F-03-02,D-0027,,,LT-9m-PCC,W-026,560034,KSPDB-SD03-D-0027-0019
P-001822,12.973401,77.644986,F-03-02,D-0027,,,LT-9m-Steel,W-026,560034,KSPDB-SD03-D-0027-0020
P-001823,12.973477,77.644698,F-03-02,D-0027,,,LT-8m-PCC,W-026,560034,KSPDB-SD03-D-0027-0021
P-001824,12.973531,77.644558,F-03-02,D-0027,,,LT-8m-PCC,W-026,560034,KSPDB-SD03-D-0027-0022
P-001825,12.973661,77.644307,F-03-02,D-0027,,,LT-8m-Steel,W-026,560034,KSPDB-SD03-D-0027-0023
P-001826,12.973679,77.644158,F-03-02,D-0027,,,LT-8m-Steel,W-026,560034,KSPDB-SD03-D-0027-0024
P-001827,12.973758,77.643885,F-03-02,D-0027,,,LT-9m-PCC,W-026,560034,KSPDB-SD03-D-0027-0025
P-001828,12.973863,77.643737,F-03-02,D-0027,,,LT-9m-PCC,W-026,560034,KSPDB-SD03-D-0027-0026
P-001829,12.974017,77.643465,F-03-02,D-0027,,,LT-9m-PCC,W-026,560034,KSPDB-SD03-D-0027-0027
P-001830,12.974092,77.643306,F-03-02,D-0027,,,LT-9m-PCC,W-026,560034,KSPDB-SD03-D-0027-0028
P-001831,12.974206,77.64313,F-03-02,D-0027,,,LT-8m-PCC,W-026,560034,KSPDB-SD03-D-0027-0029
P-001832,12.974303,77.642823,F-03-02,D-0027,,,LT-9m-PCC,W-026,560034,KSPDB-SD03-D-0027-0030
P-001833,12.975074,77.64963,F-03-02,D-0027,,,LT-8m-Steel,W-026,560034,
P-001834,12.97524,77.649646,F-03-02,D-0027,,,LT-8m-PCC,W-026,560034,KSPDB-SD03-D-0027-0032
P-001835,12.975423,77.649723,F-03-02,D-0027,,,LT-9m-Steel,W-026,560034,KSPDB-SD03-D-0027-0033
P-001836,12.975648,77.64976,F-03-02,D-0027,,,LT-8m-Steel,W-026,560034,KSPDB-SD03-D-0027-0034
P-001837,12.975816,77.649729,F-03-02,D-0027,,,LT-9m-Steel,W-026,560034,KSPDB-SD03-D-0027-0035
P-001838,12.976064,77.649742,F-03-02,D-0027,,,LT-9m-PCC,W-026,560034,KSPDB-SD03-D-0027-0036
P-001839,12.97637,77.649674,F-03-02,D-0027,,,LT-9m-PCC,W-026,560034,KSPDB-SD03-D-0027-0037
P-001840,12.97665,77.649597,F-03-02,D-0027,,,LT-8m-PCC,W-026,560034,KSPDB-SD03-D-0027-0038
P-001841,12.976913,77.649402,F-03-02,D-0027,,,LT-8m-PCC,W-026,,KSPDB-SD03-D-0027-0039
P-001842,12.977118,77.649188,F-03-02,D-0027,,,LT-8m-Steel,W-026,560034,KSPDB-SD03-D-0027-0040
P-001843,12.977235,77.648986,F-03-02,D-0027,,,LT-9m-Steel,W-026,560034,KSPDB-SD03-D-0027-0041
P-001844,12.977267,77.648824,F-03-02,D-0027,,,LT-8m-PCC,W-026,560034,
P-001845,12.977333,77.648699,F-03-02,D-0027,,,LT-8m-PCC,W-026,560034,KSPDB-SD03-D-0027-0043
P-001846,12.977501,77.648457,F-03-02,D-0027,,,LT-9m-Steel,W-026,,KSPDB-SD03-D-0027-0044
P-001847,12.977686,77.648309,F-03-02,D-0027,,,LT-9m-Steel,W-026,560034,KSPDB-SD03-D-0027-0045
P-001848,12.97781,77.648084,F-03-02,D-0027,,,LT-9m-PCC,W-026,560034,KSPDB-SD03-D-0027-0046
P-001849,12.977835,77.647908,F-03-02,D-0027,,,LT-9m-PCC,W-026,560034,KSPDB-SD03-D-0027-0047
P-001850,12.977923,77.647611,F-03-02,D-0027,,,LT-8m-PCC,W-026,560034,
P-001851,12.978016,77.647473,F-03-02,D-0027,,,LT-9m-PCC,W-026,560034,KSPDB-SD03-D-0027-0049
P-001852,12.978141,77.647205,F-03-02,D-0027,,,LT-8m-PCC,W-026,560034,KSPDB-SD03-D-0027-0050
P-001853,12.973932,77.648491,F-03-02,D-0027,,,LT-8m-PCC,W-026,560034,KSPDB-SD03-D-0027-0051
P-001854,12.974071,77.648493,F-03-02,D-0027,,,LT-9m-Steel,W-026,560034,KSPDB-SD03-D-0027-0052
P-001855,12.974303,77.648498,F-03-02,D-0027,,,LT-8m-PCC,W-026,560034,KSPDB-SD03-D-0027-0053
P-001856,12.97444,77.648536,F-03-02,D-0027,,,LT-8m-PCC,W-026,560034,KSPDB-SD03-D-0027-0054
P-001857,12.974705,77.648574,F-03-02,D-0027,,,LT-8m-PCC,W-026,560034,KSPDB-SD03-D-0027-0055
P-001858,12.97504,77.64863,F-03-02,D-0027,,,LT-9m-PCC,W-026,560034,KSPDB-SD03-D-0027-0056
P-001859,12.975215,77.648735,F-03-02,D-0027,,,LT-9m-PCC,W-026,560034,KSPDB-SD03-D-0027-0057
P-001860,12.975309,77.648863,F-03-02,D-0027,,,LT-8m-Steel,W-026,560034,KSPDB-SD03-D-0027-0058
P-001861,12.975402,77.649123,F-03-02,D-0027,,,LT-9m-Steel,W-026,560034,KSPDB-SD03-D-0027-0059
P-001862,12.975475,77.649291,F-03-02,D-0027,,,LT-8m-Steel,W-026,560034,
P-001863,12.97555,77.649414,F-03-02,D-0027,,,LT-8m-PCC,W-026,560034,
P-001864,12.975632,77.649713,F-03-02,D-0027,,,LT-8m-PCC,W-026,560034,KSPDB-SD03-D-0027-0062
P-001865,12.975657,77.649984,F-03-02,D-0027,,,LT-8m-Steel,W-026,560034,KSPDB-SD03-D-0027-0063
P-001866,12.975649,77.650319,F-03-02,D-0027,,,LT-9m-Steel,W-026,560034,KSPDB-SD03-D-0027-0064
P-001867,12.975704,77.650593,F-03-02,D-0027,,,LT-8m-PCC,W-026,560034,KSPDB-SD03-D-0027-0065
P-001868,12.975734,77.650744,F-03-02,D-0027,,,LT-8m-PCC,W-026,,KSPDB-SD03-D-0027-0066
P-001869,12.975871,77.651025,F-03-02,D-0027,,,LT-9m-PCC,W-026,560034,KSPDB-SD03-D-0027-0067
P-001870,12.976008,77.651293,F-03-02,D-0027,,,LT-8m-PCC,W-026,560034,KSPDB-SD03-D-0027-0068
P-001871,12.97472,77.649662,F-03-02,D-0027,,,LT-8m-PCC,W-026,560034,KSPDB-SD03-D-0027-0069
P-001872,12.974701,77.649916,F-03-02,D-0027,,,LT-8m-PCC,W-026,560034,KSPDB-SD03-D-0027-0070
P-001873,12.974721,77.650138,F-03-02,D-0027,,,LT-8m-Steel,W-026,560034,KSPDB-SD03-D-0027-0071
P-001874,12.974759,77.650374,F-03-02,D-0027,,,LT-9m-PCC,W-026,560034,KSPDB-SD03-D-0027-0072
P-001875,12.974848,77.65053,F-03-02,D-0027,,,LT-8m-PCC,W-026,560034,KSPDB-SD03-D-0027-0073
P-001876,12.974936,77.650736,F-03-02,D-0027,,,LT-9m-Steel,W-026,560034,KSPDB-SD03-D-0027-0074
P-001877,12.97497,77.650924,F-03-02,D-0027,,,LT-8m-PCC,W-026,560034,KSPDB-SD03-D-0027-0075
P-001878,12.974926,77.651286,F-03-02,D-0027,,,LT-8m-PCC,W-026,560034,KSPDB-SD03-D-0027-0076
P-001879,12.97486,77.651435,F-03-02,D-0027,,,LT-9m-Steel,W-026,,KSPDB-SD03-D-0027-0077
P-001880,12.974659,77.651672,F-03-02,D-0027,,,LT-9m-Steel,W-026,,KSPDB-SD03-D-0027-0078
P-001881,12.974522,77.651899,F-03-02,D-0027,,,LT-9m-Steel,W-026,560034,KSPDB-SD03-D-0027-0079
P-001882,12.974356,77.652028,F-03-02,D-0027,,,LT-9m-PCC,W-026,560034,KSPDB-SD03-D-0027-0080
P-001883,12.974169,77.652096,F-03-02,D-0027,,,LT-9m-PCC,W-026,560034,KSPDB-SD03-D-0027-0081
P-001884,12.973982,77.652183,F-03-02,D-0027,,,LT-9m-PCC,W-026,560034,KSPDB-SD03-D-0027-0082
P-001885,12.97382,77.652356,F-03-02,D-0027,,,LT-8m-Steel,W-026,560034,KSPDB-SD03-D-0027-0083
P-001886,12.973687,77.65251,F-03-02,D-0027,,,LT-9m-Steel,W-026,560034,KSPDB-SD03-D-0027-0084
P-001887,12.973612,77.652674,F-03-02,D-0027,,,LT-9m-Steel,W-026,560034,KSPDB-SD03-D-0027-0085
P-001888,12.973383,77.652909,F-03-02,D-0027,,,LT-9m-PCC,W-026,560034,
P-001889,12.973176,77.653114,F-03-02,D-0027,,,LT-9m-Steel,W-026,560034,KSPDB-SD03-D-0027-0087
P-001890,12.972863,77.653294,F-03-02,D-0027,,,LT-8m-PCC,W-026,560034,KSPDB-SD03-D-0027-0088
P-001891,12.972724,77.653372,F-03-02,D-0027,,,LT-9m-PCC,W-026,560034,KSPDB-SD03-D-0027-0089
P-001892,12.97247,77.6535,F-03-02,D-0027,,,LT-8m-PCC,W-026,560034,KSPDB-SD03-D-0027-0090
P-001893,12.972305,77.653521,F-03-02,D-0027,,,LT-9m-Steel,W-026,560034,KSPDB-SD03-D-0027-0091
P-001894,12.972038,77.653532,F-03-02,D-0027,,,LT-9m-Steel,W-026,560034,
P-001895,12.971708,77.653437,F-03-02,D-0027,,,LT-8m-PCC,W-026,560034,KSPDB-SD03-D-0027-0093
P-001896,12.975386,77.645534,F-03-02,D-0028,1,,LT-9m-PCC,W-107,560034,KSPDB-SD03-D-0028-0001
P-001897,12.975433,77.645282,F-03-02,D-0028,2,P-001896,LT-8m-Steel,W-107,560034,
P-001898,12.975468,77.645144,F-03-02,D-0028,3,P-001897,LT-8m-PCC,W-107,560034,KSPDB-SD03-D-0028-0003
P-001899,12.975507,77.645006,F-03-02,D-0028,4,P-001898,LT-9m-Steel,W-107,560034,KSPDB-SD03-D-0028-0004
P-001900,12.9755,77.645778,F-03-02,D-0028,1,,LT-9m-Steel,W-107,560034,KSPDB-SD03-D-0028-0005
P-001901,12.97578,77.6457,F-03-02,D-0028,2,P-001900,LT-8m-Steel,W-107,560034,KSPDB-SD03-D-0028-0006
P-001902,12.976026,77.645692,F-03-02,D-0028,3,P-001901,LT-9m-Steel,W-107,560034,KSPDB-SD03-D-0028-0007
P-001903,12.9763,77.645611,F-03-02,D-0028,4,P-001902,LT-8m-Steel,W-107,560034,KSPDB-SD03-D-0028-0008
P-001904,12.976502,77.645608,F-03-02,D-0028,5,P-001903,LT-8m-PCC,W-107,560034,KSPDB-SD03-D-0028-0009
P-001905,12.976668,77.645538,F-03-02,D-0028,6,P-001904,LT-8m-Steel,W-107,560034,
P-001906,12.976979,77.645365,F-03-02,D-0028,7,P-001905,LT-9m-PCC,W-107,560034,KSPDB-SD03-D-0028-0011
P-001907,12.9773,77.645312,F-03-02,D-0028,8,P-001906,LT-8m-Steel,W-107,560034,KSPDB-SD03-D-0028-0012
P-001908,12.977494,77.645326,F-03-02,D-0028,9,P-001907,LT-8m-Steel,W-107,560034,KSPDB-SD03-D-0028-0013
P-001909,12.975585,77.645676,F-03-02,D-0028,1,,LT-9m-PCC,W-107,560034,
P-001910,12.975767,77.645437,F-03-02,D-0028,2,P-001909,LT-8m-Steel,W-107,560034,KSPDB-SD03-D-0028-0015
P-001911,12.975919,77.645211,F-03-02,D-0028,3,P-001910,LT-9m-Steel,W-107,560034,KSPDB-SD03-D-0028-0016
P-001912,12.976103,77.64502,F-03-02,D-0028,4,P-001911,LT-8m-PCC,W-107,560034,KSPDB-SD03-D-0028-0017
P-001913,12.976262,77.644848,F-03-02,D-0028,5,P-001912,LT-8m-PCC,W-107,560034,KSPDB-SD03-D-0028-0018
P-001914,12.976379,77.644748,F-03-02,D-0028,6,P-001913,LT-8m-PCC,W-107,560034,KSPDB-SD03-D-0028-0019
P-001915,12.976523,77.644541,F-03-02,D-0028,7,P-001914,LT-8m-PCC,W-107,560034,KSPDB-SD03-D-0028-0020
P-001916,12.976723,77.644334,F-03-02,D-0028,8,P-001915,LT-9m-PCC,W-107,560034,KSPDB-SD03-D-0028-0021
P-001917,12.976905,77.644195,F-03-02,D-0028,9,P-001916,LT-8m-Steel,W-107,560034,KSPDB-SD03-D-0028-0022
P-001918,12.977132,77.644085,F-03-02,D-0028,10,P-001917,LT-8m-Steel,W-107,560034,KSPDB-SD03-D-0028-0023
P-001919,12.975079,77.645769,F-03-02,D-0028,1,,LT-9m-Steel,W-107,560034,
P-001920,12.974905,77.645737,F-03-02,D-0028,2,P-001919,LT-8m-Steel,W-107,560034,KSPDB-SD03-D-0028-0025
P-001921,12.974626,77.645686,F-03-02,D-0028,3,P-001920,LT-9m-PCC,W-107,560034,KSPDB-SD03-D-0028-0026
P-001922,12.974282,77.645716,F-03-02,D-0028,4,P-001921,LT-9m-Steel,W-107,560034,KSPDB-SD03-D-0028-0027
P-001923,12.974005,77.645687,F-03-02,D-0028,5,P-001922,LT-9m-Steel,W-107,560034,KSPDB-SD03-D-0028-0028
P-001924,12.975085,77.646048,F-03-02,D-0028,1,,LT-8m-Steel,W-107,560034,KSPDB-SD03-D-0028-0029
P-001925,12.97499,77.646165,F-03-02,D-0028,2,P-001924,LT-9m-PCC,W-107,560034,
P-001926,12.974798,77.646311,F-03-02,D-0028,3,P-001925,LT-8m-PCC,W-107,560034,KSPDB-SD03-D-0028-0031
P-001927,12.974524,77.64644,F-03-02,D-0028,4,P-001926,LT-9m-PCC,W-107,560034,KSPDB-SD03-D-0028-0032
P-001928,12.974264,77.64664,F-03-02,D-0028,5,P-001927,LT-9m-PCC,W-107,560034,KSPDB-SD03-D-0028-0033
P-001929,12.970936,77.649256,F-03-02,D-0029,,,LT-8m-PCC,W-056,560034,KSPDB-SD03-D-0029-0001
P-001930,12.970782,77.649454,F-03-02,D-0029,,,LT-9m-PCC,W-056,560034,KSPDB-SD03-D-0029-0002
P-001931,12.970546,77.649616,F-03-02,D-0029,,,LT-9m-PCC,W-056,560034,KSPDB-SD03-D-0029-0003
P-001932,12.970301,77.64981,F-03-02,D-0029,,,LT-9m-Steel,W-056,560034,KSPDB-SD03-D-0029-0004
P-001933,12.970109,77.649968,F-03-02,D-0029,,,LT-8m-PCC,W-056,560034,KSPDB-SD03-D-0029-0005
P-001934,12.969856,77.650062,F-03-02,D-0029,,,LT-8m-Steel,W-056,560034,KSPDB-SD03-D-0029-0006
P-001935,12.969683,77.650175,F-03-02,D-0029,,,LT-8m-Steel,W-056,560034,KSPDB-SD03-D-0029-0007
P-001936,12.969481,77.650403,F-03-02,D-0029,,,LT-8m-PCC,W-056,560034,KSPDB-SD03-D-0029-0008
P-001937,12.969338,77.650676,F-03-02,D-0029,,,LT-9m-PCC,W-056,560034,KSPDB-SD03-D-0029-0009
P-001938,12.969312,77.650863,F-03-02,D-0029,,,LT-9m-Steel,W-056,560034,KSPDB-SD03-D-0029-0010
P-001939,12.969231,77.651031,F-03-02,D-0029,,,LT-8m-PCC,W-056,560034,
P-001940,12.969095,77.651217,F-03-02,D-0029,,,LT-8m-PCC,W-056,560034,
P-001941,12.969045,77.651359,F-03-02,D-0029,,,LT-9m-PCC,W-056,560034,KSPDB-SD03-D-0029-0013
P-001942,12.968952,77.651643,F-03-02,D-0029,,,LT-8m-PCC,W-056,560034,KSPDB-SD03-D-0029-0014
P-001943,12.9688,77.651856,F-03-02,D-0029,,,LT-9m-Steel,W-056,560034,KSPDB-SD03-D-0029-0015
P-001944,12.968685,77.652011,F-03-02,D-0029,,,LT-8m-Steel,W-056,560034,KSPDB-SD03-D-0029-0016
P-001945,12.968456,77.652227,F-03-02,D-0029,,,LT-8m-Steel,W-056,560034,KSPDB-SD03-D-0029-0017
P-001946,12.968239,77.652336,F-03-02,D-0029,,,LT-9m-Steel,W-056,560034,KSPDB-SD03-D-0029-0018
P-001947,12.968047,77.652408,F-03-02,D-0029,,,LT-8m-Steel,W-056,560034,KSPDB-SD03-D-0029-0019
P-001948,12.967745,77.652564,F-03-02,D-0029,,,LT-8m-PCC,W-056,560034,
P-001949,12.967446,77.652593,F-03-02,D-0029,,,LT-9m-Steel,W-056,560034,KSPDB-SD03-D-0029-0021
P-001950,12.967307,77.652643,F-03-02,D-0029,,,LT-9m-PCC,W-056,560034,KSPDB-SD03-D-0029-0022
P-001951,12.967083,77.652824,F-03-02,D-0029,,,LT-9m-PCC,W-056,560034,
P-001952,12.966886,77.652927,F-03-02,D-0029,,,LT-9m-PCC,W-056,560034,KSPDB-SD03-D-0029-0024
P-001953,12.966642,77.653092,F-03-02,D-0029,,,LT-9m-PCC,W-056,560034,KSPDB-SD03-D-0029-0025
P-001954,12.966463,77.653325,F-03-02,D-0029,,,LT-8m-PCC,W-056,560034,
P-001955,12.966351,77.653479,F-03-02,D-0029,,,LT-8m-PCC,W-056,560034,KSPDB-SD03-D-0029-0027
P-001956,12.966265,77.653588,F-03-02,D-0029,,,LT-9m-PCC,W-056,560034,KSPDB-SD03-D-0029-0028
P-001957,12.966158,77.653922,F-03-02,D-0029,,,LT-8m-PCC,W-056,560034,KSPDB-SD03-D-0029-0029
P-001958,12.966162,77.65413,F-03-02,D-0029,,,LT-9m-Steel,W-056,560034,KSPDB-SD03-D-0029-0030
P-001959,12.966271,77.654422,F-03-02,D-0029,,,LT-9m-Steel,W-056,560034,KSPDB-SD03-D-0029-0031
P-001960,12.966338,77.654751,F-03-02,D-0029,,,LT-9m-Steel,W-056,560034,KSPDB-SD03-D-0029-0032
P-001961,12.966322,77.65499,F-03-02,D-0029,,,LT-9m-PCC,W-056,560034,KSPDB-SD03-D-0029-0033
P-001962,12.966255,77.655308,F-03-02,D-0029,,,LT-9m-PCC,W-056,560034,KSPDB-SD03-D-0029-0034
P-001963,12.966225,77.655627,F-03-02,D-0029,,,LT-9m-PCC,W-056,560034,KSPDB-SD03-D-0029-0035
P-001964,12.966183,77.655777,F-03-02,D-0029,,,LT-8m-PCC,W-056,560034,KSPDB-SD03-D-0029-0036
P-001965,12.96617,77.656029,F-03-02,D-0029,,,LT-8m-Steel,W-056,560034,KSPDB-SD03-D-0029-0037
P-001966,12.966216,77.656377,F-03-02,D-0029,,,LT-8m-Steel,W-056,560034,KSPDB-SD03-D-0029-0038
P-001967,12.966216,77.656613,F-03-02,D-0029,,,LT-8m-PCC,W-056,560034,KSPDB-SD03-D-0029-0039
P-001968,12.966268,77.656765,F-03-02,D-0029,,,LT-9m-PCC,W-056,560034,KSPDB-SD03-D-0029-0040
P-001969,12.96628,77.656963,F-03-02,D-0029,,,LT-9m-PCC,W-056,560034,KSPDB-SD03-D-0029-0041
P-001970,12.966216,77.657189,F-03-02,D-0029,,,LT-8m-PCC,W-056,560034,KSPDB-SD03-D-0029-0042
P-001971,12.966191,77.657452,F-03-02,D-0029,,,LT-9m-Steel,W-056,560034,KSPDB-SD03-D-0029-0043
P-001972,12.966122,77.657742,F-03-02,D-0029,,,LT-9m-Steel,W-056,560034,KSPDB-SD03-D-0029-0044
P-001973,12.970831,77.64907,F-03-02,D-0029,,,LT-8m-PCC,W-056,560034,
P-001974,12.970696,77.649061,F-03-02,D-0029,,,LT-8m-PCC,W-056,560034,KSPDB-SD03-D-0029-0046
P-001975,12.970502,77.648998,F-03-02,D-0029,,,LT-9m-Steel,W-056,560034,KSPDB-SD03-D-0029-0047
P-001976,12.970347,77.648959,F-03-02,D-0029,,,LT-9m-Steel,W-056,560034,KSPDB-SD03-D-0029-0048
P-001977,12.970081,77.648829,F-03-02,D-0029,,,LT-8m-Steel,W-056,560034,KSPDB-SD03-D-0029-0049
P-001978,12.969808,77.648763,F-03-02,D-0029,,,LT-8m-Steel,W-056,560034,KSPDB-SD03-D-0029-0050
P-001979,12.969576,77.648625,F-03-02,D-0029,,,LT-8m-Steel,W-056,560034,KSPDB-SD03-D-0029-0051
P-001980,12.96929,77.648425,F-03-02,D-0029,,,LT-9m-PCC,W-056,560034,KSPDB-SD03-D-0029-0052
P-001981,12.969024,77.648223,F-03-02,D-0029,,,LT-9m-Steel,W-056,560034,KSPDB-SD03-D-0029-0053
P-001982,12.96892,77.64808,F-03-02,D-0029,,,LT-9m-PCC,W-056,560034,
P-001983,12.968784,77.647919,F-03-02,D-0029,,,LT-8m-PCC,W-056,560034,KSPDB-SD03-D-0029-0055
P-001984,12.968704,77.647783,F-03-02,D-0029,,,LT-9m-PCC,W-056,560034,KSPDB-SD03-D-0029-0056
P-001985,12.96861,77.647576,F-03-02,D-0029,,,LT-9m-PCC,W-056,560034,KSPDB-SD03-D-0029-0057
P-001986,12.968504,77.647264,F-03-02,D-0029,,,LT-8m-PCC,W-056,560034,KSPDB-SD03-D-0029-0058
P-001987,12.968451,77.647132,F-03-02,D-0029,,,LT-9m-PCC,W-056,560034,KSPDB-SD03-D-0029-0059
P-001988,12.968448,77.646865,F-03-02,D-0029,,,LT-9m-PCC,W-056,560034,KSPDB-SD03-D-0029-0060
P-001989,12.968429,77.646675,F-03-02,D-0029,,,LT-8m-Steel,W-056,560034,KSPDB-SD03-D-0029-0061
P-001990,12.968483,77.646436,F-03-02,D-0029,,,LT-8m-PCC,W-056,560034,KSPDB-SD03-D-0029-0062
P-001991,12.968616,77.64613,F-03-02,D-0029,,,LT-8m-PCC,W-056,560034,KSPDB-SD03-D-0029-0063
P-001992,12.968808,77.645931,F-03-02,D-0029,,,LT-8m-PCC,W-056,560034,
P-001993,12.968916,77.645798,F-03-02,D-0029,,,LT-8m-PCC,W-056,560034,KSPDB-SD03-D-0029-0065
P-001994,12.968972,77.645631,F-03-02,D-0029,,,LT-9m-Steel,W-056,560034,KSPDB-SD03-D-0029-0066
P-001995,12.96901,77.645495,F-03-02,D-0029,,,LT-9m-Steel,W-056,560034,KSPDB-SD03-D-0029-0067
P-001996,12.969089,77.645188,F-03-02,D-0029,,,LT-8m-PCC,W-056,560034,KSPDB-SD03-D-0029-0068
P-001997,12.969061,77.644861,F-03-02,D-0029,,,LT-9m-Steel,W-056,560034,KSPDB-SD03-D-0029-0069
P-001998,12.969047,77.644671,F-03-02,D-0029,,,LT-9m-PCC,W-056,560034,KSPDB-SD03-D-0029-0070
P-001999,12.969101,77.644319,F-03-02,D-0029,,,LT-8m-Steel,W-056,560034,KSPDB-SD03-D-0029-0071
P-002000,12.969083,77.644121,F-03-02,D-0029,,,LT-8m-Steel,W-056,560034,
P-002001,12.969019,77.643904,F-03-02,D-0029,,,LT-9m-PCC,W-056,560034,KSPDB-SD03-D-0029-0073
P-002002,12.968977,77.643723,F-03-02,D-0029,,,LT-8m-Steel,W-056,560034,KSPDB-SD03-D-0029-0074
P-002003,12.968975,77.643395,F-03-02,D-0029,,,LT-9m-PCC,W-056,560034,KSPDB-SD03-D-0029-0075
P-002004,12.968941,77.643216,F-03-02,D-0029,,,LT-9m-PCC,W-056,560034,KSPDB-SD03-D-0029-0076
P-002005,12.968962,77.642896,F-03-02,D-0029,,,LT-8m-Steel,W-056,560034,KSPDB-SD03-D-0029-0077
P-002006,12.969113,77.642568,F-03-02,D-0029,,,LT-9m-PCC,W-056,560034,KSPDB-SD03-D-0029-0078
P-002007,12.969257,77.642376,F-03-02,D-0029,,,LT-8m-Steel,W-056,560034,KSPDB-SD03-D-0029-0079
P-002008,12.969458,77.642197,F-03-02,D-0029,,,LT-8m-PCC,W-056,560034,KSPDB-SD03-D-0029-0080
P-002009,12.969561,77.64208,F-03-02,D-0029,,,LT-8m-Steel,W-056,560034,KSPDB-SD03-D-0029-0081
P-002010,12.971021,77.648887,F-03-02,D-0029,,,LT-8m-Steel,W-056,560034,KSPDB-SD03-D-0029-0082
P-002011,12.971031,77.64866,F-03-02,D-0029,,,LT-8m-PCC,W-056,560034,KSPDB-SD03-D-0029-0083
P-002012,12.97106,77.648386,F-03-02,D-0029,,,LT-8m-Steel,W-056,560034,KSPDB-SD03-D-0029-0084
P-002013,12.971173,77.648146,F-03-02,D-0029,,,LT-9m-PCC,W-056,560034,KSPDB-SD03-D-0029-0085
P-002014,12.971421,77.647902,F-03-02,D-0029,,,LT-9m-Steel,W-056,560034,KSPDB-SD03-D-0029-0086
P-002015,12.971579,77.647753,F-03-02,D-0029,,,LT-8m-PCC,W-056,560034,KSPDB-SD03-D-0029-0087
P-002016,12.971773,77.647538,F-03-02,D-0029,,,LT-8m-Steel,W-056,560034,KSPDB-SD03-D-0029-0088
P-002017,12.971915,77.647274,F-03-02,D-0029,,,LT-8m-PCC,W-056,560034,KSPDB-SD03-D-0029-0089
P-002018,12.971949,77.647139,F-03-02,D-0029,,,LT-8m-PCC,W-056,560034,KSPDB-SD03-D-0029-0090
P-002019,12.972004,77.64692,F-03-02,D-0029,,,LT-9m-PCC,W-056,560034,KSPDB-SD03-D-0029-0091
P-002020,12.971967,77.64663,F-03-02,D-0029,,,LT-9m-PCC,W-056,560034,KSPDB-SD03-D-0029-0092
P-002021,12.972022,77.64629,F-03-02,D-0029,,,LT-8m-Steel,W-056,560034,KSPDB-SD03-D-0029-0093
P-002022,12.972111,77.646136,F-03-02,D-0029,,,LT-8m-Steel,W-056,560034,KSPDB-SD03-D-0029-0094
P-002023,12.972286,77.645959,F-03-02,D-0029,,,LT-8m-PCC,W-056,560034,KSPDB-SD03-D-0029-0095
P-002024,12.972478,77.645811,F-03-02,D-0029,,,LT-8m-PCC,W-056,560034,KSPDB-SD03-D-0029-0096
P-002025,12.972757,77.645717,F-03-02,D-0029,,,LT-8m-PCC,W-056,560034,KSPDB-SD03-D-0029-0097
P-002026,12.972944,77.645665,F-03-02,D-0029,,,LT-9m-PCC,W-056,560034,KSPDB-SD03-D-0029-0098
P-002027,12.973296,77.645623,F-03-02,D-0029,,,LT-8m-PCC,W-056,560034,KSPDB-SD03-D-0029-0099
P-002028,12.973647,77.645582,F-03-02,D-0029,,,LT-8m-Steel,W-056,560034,KSPDB-SD03-D-0029-0100
P-002029,12.973862,77.645595,F-03-02,D-0029,,,LT-8m-Steel,W-056,560034,KSPDB-SD03-D-0029-0101
P-002030,12.974197,77.645635,F-03-02,D-0029,,,LT-9m-Steel,W-056,560034,KSPDB-SD03-D-0029-0102
P-002031,12.974504,77.645735,F-03-02,D-0029,,,LT-8m-PCC,W-056,560034,KSPDB-SD03-D-0029-0103
P-002032,12.974754,77.645725,F-03-02,D-0029,,,LT-9m-PCC,W-056,560034,KSPDB-SD03-D-0029-0104
P-002033,12.974926,77.645728,F-03-02,D-0029,,,LT-9m-Steel,W-056,560034,KSPDB-SD03-D-0029-0105
P-002034,12.975167,77.645685,F-03-02,D-0029,,,LT-9m-PCC,W-056,,KSPDB-SD03-D-0029-0106
P-002035,12.975391,77.645549,F-03-02,D-0029,,,LT-9m-PCC,W-056,560034,KSPDB-SD03-D-0029-0107
P-002036,12.97557,77.645331,F-03-02,D-0029,,,LT-8m-PCC,W-056,560034,KSPDB-SD03-D-0029-0108
P-002037,12.97569,77.645198,F-03-02,D-0029,,,LT-8m-PCC,W-056,560034,KSPDB-SD03-D-0029-0109
P-002038,12.975847,77.645117,F-03-02,D-0029,,,LT-8m-PCC,W-056,560034,
P-002039,12.976002,77.645041,F-03-02,D-0029,,,LT-9m-Steel,W-056,560034,KSPDB-SD03-D-0029-0111
P-002040,12.976149,77.644974,F-03-02,D-0029,,,LT-9m-PCC,W-056,560034,KSPDB-SD03-D-0029-0112
P-002041,12.976332,77.644805,F-03-02,D-0029,,,LT-8m-PCC,W-056,560034,KSPDB-SD03-D-0029-0113
P-002042,12.976608,77.644573,F-03-02,D-0029,,,LT-8m-PCC,W-056,560034,KSPDB-SD03-D-0029-0114
P-002043,12.976784,77.64441,F-03-02,D-0029,,,LT-8m-PCC,W-056,560034,KSPDB-SD03-D-0029-0115
P-002044,12.977054,77.644284,F-03-02,D-0029,,,LT-8m-PCC,W-056,560034,
P-002045,12.977265,77.644253,F-03-02,D-0029,,,LT-8m-Steel,W-056,,KSPDB-SD03-D-0029-0117
P-002046,12.977462,77.644272,F-03-02,D-0029,,,LT-9m-PCC,W-056,,KSPDB-SD03-D-0029-0118
P-002047,12.977761,77.644218,F-03-02,D-0029,,,LT-9m-PCC,W-056,560034,KSPDB-SD03-D-0029-0119
P-002048,12.977998,77.644105,F-03-02,D-0029,,,LT-8m-PCC,W-056,560034,KSPDB-SD03-D-0029-0120
P-002049,12.978152,77.644005,F-03-02,D-0029,,,LT-9m-Steel,W-056,560034,
P-002050,12.97823,77.643891,F-03-02,D-0029,,,LT-9m-PCC,W-056,560034,KSPDB-SD03-D-0029-0122
P-002051,12.978298,77.643725,F-03-02,D-0029,,,LT-9m-Steel,W-056,560034,KSPDB-SD03-D-0029-0123
P-002052,12.978309,77.64353,F-03-02,D-0029,,,LT-8m-PCC,W-056,560034,KSPDB-SD03-D-0029-0124
P-002053,12.978318,77.643371,F-03-02,D-0029,,,LT-8m-PCC,W-056,560034,KSPDB-SD03-D-0029-0125
P-002054,12.971988,77.647496,F-03-02,D-0029,,,LT-9m-PCC,W-056,560034,KSPDB-SD03-D-0029-0126
P-002055,12.972124,77.647413,F-03-02,D-0029,,,LT-8m-PCC,W-056,560034,
P-002056,12.972254,77.647357,F-03-02,D-0029,,,LT-9m-Steel,W-056,560034,KSPDB-SD03-D-0029-0128
P-002057,12.972529,77.64725,F-03-02,D-0029,,,LT-8m-PCC,W-056,,
P-002058,12.972788,77.647154,F-03-02,D-0029,,,LT-8m-PCC,W-056,560034,KSPDB-SD03-D-0029-0130
P-002059,12.973067,77.647108,F-03-02,D-0029,,,LT-9m-PCC,W-056,560034,KSPDB-SD03-D-0029-0131
P-002060,12.973212,77.647104,F-03-02,D-0029,,,LT-8m-Steel,W-056,560034,KSPDB-SD03-D-0029-0132
P-002061,12.973447,77.647074,F-03-02,D-0029,,,LT-9m-Steel,W-056,560034,KSPDB-SD03-D-0029-0133
P-002062,12.973765,77.646904,F-03-02,D-0029,,,LT-8m-Steel,W-056,560034,KSPDB-SD03-D-0029-0134
P-002063,12.973982,77.646671,F-03-02,D-0029,,,LT-8m-PCC,W-056,560034,
P-002064,12.974269,77.646507,F-03-02,D-0029,,,LT-9m-Steel,W-056,560034,KSPDB-SD03-D-0029-0136
P-002065,12.974414,77.646368,F-03-02,D-0029,,,LT-8m-PCC,W-056,560034,KSPDB-SD03-D-0029-0137
P-002066,12.97458,77.646109,F-03-02,D-0029,,,LT-8m-Steel,W-056,560034,KSPDB-SD03-D-0029-0138
P-002067,12.974719,77.645872,F-03-02,D-0029,,,LT-8m-Steel,W-056,560034,KSPDB-SD03-D-0029-0139
P-002068,12.974866,77.645745,F-03-02,D-0029,,,LT-9m-Steel,W-056,560034,KSPDB-SD03-D-0029-0140
P-002069,12.975137,77.645595,F-03-02,D-0029,,,LT-8m-PCC,W-056,560034,KSPDB-SD03-D-0029-0141
P-002070,12.975265,77.645538,F-03-02,D-0029,,,LT-8m-Steel,W-056,560034,KSPDB-SD03-D-0029-0142
P-002071,12.975483,77.645497,F-03-02,D-0029,,,LT-9m-Steel,W-056,560034,KSPDB-SD03-D-0029-0143
P-002072,12.975762,77.645468,F-03-02,D-0029,,,LT-8m-PCC,W-056,560034,KSPDB-SD03-D-0029-0144
P-002073,12.975913,77.64539,F-03-02,D-0029,,,LT-8m-PCC,W-056,560034,
P-002074,12.976214,77.645294,F-03-02,D-0029,,,LT-9m-Steel,W-056,560034,KSPDB-SD03-D-0029-0146
P-002075,12.976515,77.645128,F-03-02,D-0029,,,LT-8m-PCC,W-056,560034,KSPDB-SD03-D-0029-0147
P-002076,12.9767,77.644926,F-03-02,D-0029,,,LT-8m-Steel,W-056,560034,KSPDB-SD03-D-0029-0148
P-002077,12.97682,77.644822,F-03-02,D-0029,,,LT-8m-Steel,W-056,560034,KSPDB-SD03-D-0029-0149
P-002078,12.976968,77.644719,F-03-02,D-0029,,,LT-9m-Steel,W-056,560034,KSPDB-SD03-D-0029-0150
P-002079,12.977157,77.644599,F-03-02,D-0029,,,LT-9m-PCC,W-056,560034,KSPDB-SD03-D-0029-0151
P-002080,12.977409,77.6445,F-03-02,D-0029,,,LT-8m-PCC,W-056,560034,KSPDB-SD03-D-0029-0152
P-002081,12.977638,77.644491,F-03-02,D-0029,,,LT-8m-Steel,W-056,560034,KSPDB-SD03-D-0029-0153
P-002082,12.972393,77.649367,F-03-02,D-0030,,,LT-8m-Steel,W-031,560034,KSPDB-SD03-D-0030-0001
P-002083,12.972204,77.649652,F-03-02,D-0030,,,LT-9m-Steel,W-031,560034,KSPDB-SD03-D-0030-0002
P-002084,12.97208,77.649737,F-03-02,D-0030,,,LT-9m-Steel,W-031,560034,KSPDB-SD03-D-0030-0003
P-002085,12.971846,77.649882,F-03-02,D-0030,,,LT-9m-Steel,W-031,560034,KSPDB-SD03-D-0030-0004
P-002086,12.971666,77.649927,F-03-02,D-0030,,,LT-8m-Steel,W-031,560034,KSPDB-SD03-D-0030-0005
P-002087,12.971455,77.649936,F-03-02,D-0030,,,LT-8m-PCC,W-031,560034,KSPDB-SD03-D-0030-0006
P-002088,12.97131,77.649925,F-03-02,D-0030,,,LT-8m-Steel,W-031,560034,KSPDB-SD03-D-0030-0007
P-002089,12.971121,77.649971,F-03-02,D-0030,,,LT-9m-PCC,W-031,560034,KSPDB-SD03-D-0030-0008
P-002090,12.970831,77.649956,F-03-02,D-0030,,,LT-9m-Steel,W-031,560034,KSPDB-SD03-D-0030-0009
P-002091,12.970546,77.649945,F-03-02,D-0030,,,LT-8m-Steel,W-031,560034,KSPDB-SD03-D-0030-0010
P-002092,12.970206,77.64999,F-03-02,D-0030,,,LT-9m-Steel,W-031,560034,KSPDB-SD03-D-0030-0011
P-002093,12.96997,77.650009,F-03-02,D-0030,,,LT-8m-PCC,W-031,560034,KSPDB-SD03-D-0030-0012
P-002094,12.96982,77.650066,F-03-02,D-0030,,,LT-9m-PCC,W-031,560034,KSPDB-SD03-D-0030-0013
P-002095,12.969548,77.650076,F-03-02,D-0030,,,LT-8m-Steel,W-031,560034,KSPDB-SD03-D-0030-0014
P-002096,12.969212,77.650168,F-03-02,D-0030,,,LT-8m-PCC,W-031,560034,KSPDB-SD03-D-0030-0015
P-002097,12.969087,77.650242,F-03-02,D-0030,,,LT-8m-PCC,W-031,560034,KSPDB-SD03-D-0030-0016
P-002098,12.968817,77.6503,F-03-02,D-0030,,,LT-9m-PCC,W-031,560034,KSPDB-SD03-D-0030-0017
P-002099,12.968519,77.650467,F-03-02,D-0030,,,LT-9m-PCC,W-031,560034,KSPDB-SD03-D-0030-0018
P-002100,12.968324,77.650514,F-03-02,D-0030,,,LT-9m-PCC,W-031,560034,
P-002101,12.96808,77.650559,F-03-02,D-0030,,,LT-8m-PCC,W-031,560034,KSPDB-SD03-D-0030-0020
P-002102,12.967933,77.650617,F-03-02,D-0030,,,LT-8m-Steel,W-031,560034,KSPDB-SD03-D-0030-0021
P-002103,12.971561,77.649776,F-03-02,D-0030,,,LT-8m-PCC,W-031,560034,KSPDB-SD03-D-0030-0022
P-002104,12.971303,77.649605,F-03-02,D-0030,,,LT-8m-Steel,W-031,560034,KSPDB-SD03-D-0030-0023
P-002105,12.97112,77.649333,F-03-02,D-0030,,,LT-8m-PCC,W-031,560034,KSPDB-SD03-D-0030-0024
P-002106,12.97101,77.649163,F-03-02,D-0030,,,LT-9m-PCC,W-031,560034,KSPDB-SD03-D-0030-0025
P-002107,12.970949,77.648973,F-03-02,D-0030,,,LT-9m-Steel,W-031,560034,KSPDB-SD03-D-0030-0026
P-002108,12.970841,77.648767,F-03-02,D-0030,,,LT-8m-PCC,W-031,560034,KSPDB-SD03-D-0030-0027
P-002109,12.970735,77.648606,F-03-02,D-0030,,,LT-8m-PCC,W-031,560034,KSPDB-SD03-D-0030-0028
P-002110,12.970553,77.648424,F-03-02,D-0030,,,LT-9m-Steel,W-031,560034,KSPDB-SD03-D-0030-0029
P-002111,12.970412,77.648336,F-03-02,D-0030,,,LT-8m-PCC,W-031,560034,KSPDB-SD03-D-0030-0030
P-002112,12.97013,77.648138,F-03-02,D-0030,,,LT-8m-PCC,W-031,560034,KSPDB-SD03-D-0030-0031
P-002113,12.969795,77.648039,F-03-02,D-0030,,,LT-8m-PCC,W-031,560034,KSPDB-SD03-D-0030-0032
P-002114,12.969518,77.64796,F-03-02,D-0030,,,LT-8m-PCC,W-031,560034,KSPDB-SD03-D-0030-0033
P-002115,12.969285,77.647981,F-03-02,D-0030,,,LT-8m-PCC,W-031,560034,
P-002116,12.969002,77.648071,F-03-02,D-0030,,,LT-8m-Steel,W-031,560034,KSPDB-SD03-D-0030-0035
P-002117,12.968859,77.648119,F-03-02,D-0030,,,LT-8m-Steel,W-031,560034,KSPDB-SD03-D-0030-0036
P-002118,12.968638,77.648162,F-03-02,D-0030,,,LT-8m-Steel,W-031,560034,KSPDB-SD03-D-0030-0037
P-002119,12.968425,77.648256,F-03-02,D-0030,,,LT-8m-PCC,W-031,560034,KSPDB-SD03-D-0030-0038
P-002120,12.968289,77.648302,F-03-02,D-0030,,,LT-8m-PCC,W-031,560034,KSPDB-SD03-D-0030-0039
P-002121,12.968432,77.648352,F-03-02,D-0030,,,LT-8m-Steel,W-031,560034,KSPDB-SD03-D-0030-0040
P-002122,12.968256,77.648579,F-03-02,D-0030,,,LT-9m-PCC,W-031,560034,KSPDB-SD03-D-0030-0041
P-002123,12.968134,77.648743,F-03-02,D-0030,,,LT-8m-Steel,W-031,560034,KSPDB-SD03-D-0030-0042
P-002124,12.967942,77.648963,F-03-02,D-0030,,,LT-8m-PCC,W-031,560034,KSPDB-SD03-D-0030-0043
P-002125,12.967812,77.649123,F-03-02,D-0030,,,LT-8m-PCC,W-031,560034,KSPDB-SD03-D-0030-0044
P-002126,12.967651,77.649429,F-03-02,D-0030,,,LT-9m-PCC,W-031,560034,KSPDB-SD03-D-0030-0045
P-002127,12.967498,77.649557,F-03-02,D-0030,,,LT-8m-Steel,W-031,560034,KSPDB-SD03-D-0030-0046
P-002128,12.967238,77.649784,F-03-02,D-0030,,,LT-9m-Steel,W-031,560034,KSPDB-SD03-D-0030-0047
P-002129,12.967085,77.649967,F-03-02,D-0030,,,LT-9m-PCC,W-031,560034,KSPDB-SD03-D-0030-0048
P-002130,12.966877,77.650122,F-03-02,D-0030,,,LT-8m-PCC,W-031,560034,KSPDB-SD03-D-0030-0049
P-002131,12.966693,77.650341,F-03-02,D-0030,,,LT-9m-PCC,W-031,560034,KSPDB-SD03-D-0030-0050
P-002132,12.966518,77.650632,F-03-02,D-0030,,,LT-9m-PCC,W-031,560034,KSPDB-SD03-D-0030-0051
P-002133,12.966445,77.650851,F-03-02,D-0030,,,LT-9m-Steel,W-031,,KSPDB-SD03-D-0030-0052
P-002134,12.966335,77.651026,F-03-02,D-0030,,,LT-9m-Steel,W-031,560034,KSPDB-SD03-D-0030-0053
P-002135,12.967369,77.650097,F-03-02,D-0030,,,LT-9m-PCC,W-031,560034,KSPDB-SD03-D-0030-0054
P-002136,12.967475,77.650337,F-03-02,D-0030,,,LT-8m-Steel,W-031,560034,KSPDB-SD03-D-0030-0055
P-002137,12.967523,77.650588,F-03-02,D-0030,,,LT-9m-PCC,W-031,560034,KSPDB-SD03-D-0030-0056
P-002138,12.967532,77.650805,F-03-02,D-0030,,,LT-9m-Steel,W-031,560034,KSPDB-SD03-D-0030-0057
P-002139,12.967554,77.650947,F-03-02,D-0030,,,LT-9m-Steel,W-031,560034,KSPDB-SD03-D-0030-0058
P-002140,12.967668,77.651181,F-03-02,D-0030,,,LT-9m-Steel,W-031,560034,KSPDB-SD03-D-0030-0059
P-002141,12.967755,77.651499,F-03-02,D-0030,,,LT-9m-Steel,W-031,560034,KSPDB-SD03-D-0030-0060
P-002142,12.967781,77.651733,F-03-02,D-0030,,,LT-9m-Steel,W-031,560034,KSPDB-SD03-D-0030-0061
P-002143,12.967817,77.652038,F-03-02,D-0030,,,LT-8m-PCC,W-031,,KSPDB-SD03-D-0030-0062
P-002144,12.967891,77.652221,F-03-02,D-0030,,,LT-9m-PCC,W-031,560034,
P-002145,12.967954,77.652375,F-03-02,D-0030,,,LT-8m-Steel,W-031,560034,KSPDB-SD03-D-0030-0064
P-002146,12.968151,77.652667,F-03-02,D-0030,,,LT-8m-Steel,W-031,560034,KSPDB-SD03-D-0030-0065
P-002147,12.968291,77.652896,F-03-02,D-0030,,,LT-8m-PCC,W-031,560034,KSPDB-SD03-D-0030-0066
P-002148,13.000696,77.64382,F-04-01,D-0031,1,,LT-9m-Steel,W-004,560034,KSPDB-SD04-D-0031-0001
P-002149,13.000815,77.643701,F-04-01,D-0031,2,P-002148,LT-8m-PCC,W-004,560034,KSPDB-SD04-D-0031-0002
P-002150,13.001009,77.643458,F-04-01,D-0031,3,P-002149,LT-9m-Steel,W-004,560034,
P-002151,13.001098,77.643311,F-04-01,D-0031,4,P-002150,LT-9m-PCC,W-004,560034,KSPDB-SD04-D-0031-0004
P-002152,13.001154,77.643163,F-04-01,D-0031,5,P-002151,LT-9m-PCC,W-004,560034,KSPDB-SD04-D-0031-0005
P-002153,13.001228,77.642892,F-04-01,D-0031,6,P-002152,LT-9m-PCC,W-004,560034,KSPDB-SD04-D-0031-0006
P-002154,13.000649,77.644009,F-04-01,D-0031,1,,LT-8m-Steel,W-004,560034,KSPDB-SD04-D-0031-0007
P-002155,13.0008,77.643826,F-04-01,D-0031,2,P-002154,LT-9m-Steel,W-004,560034,KSPDB-SD04-D-0031-0008
P-002156,13.000919,77.643724,F-04-01,D-0031,3,P-002155,LT-8m-Steel,W-004,560034,KSPDB-SD04-D-0031-0009
P-002157,13.001047,77.643665,F-04-01,D-0031,4,P-002156,LT-8m-Steel,W-004,560034,KSPDB-SD04-D-0031-0010
P-002158,13.001313,77.643506,F-04-01,D-0031,5,P-002157,LT-9m-Steel,W-004,560034,KSPDB-SD04-D-0031-0011
P-002159,13.000677,77.644035,F-04-01,D-0031,1,,LT-9m-PCC,W-004,560034,KSPDB-SD04-D-0031-0012
P-002160,13.000846,77.643838,F-04-01,D-0031,2,P-002159,LT-8m-Steel,W-004,560034,KSPDB-SD04-D-0031-0013
P-002161,13.001019,77.643526,F-04-01,D-0031,3,P-002160,LT-9m-Steel,W-004,560034,KSPDB-SD04-D-0031-0014
P-002162,13.001164,77.643252,F-04-01,D-0031,4,P-002161,LT-8m-PCC,W-004,560034,KSPDB-SD04-D-0031-0015
P-002163,13.00123,77.643127,F-04-01,D-0031,5,P-002162,LT-8m-Steel,W-004,560034,KSPDB-SD04-D-0031-0016
P-002164,13.001322,77.642883,F-04-01,D-0031,6,P-002163,LT-9m-PCC,W-004,560034,KSPDB-SD04-D-0031-0017
P-002165,13.000524,77.644282,F-04-01,D-0031,1,P-002154,LT-9m-Steel,W-004,560034,KSPDB-SD04-D-0031-0018
P-002166,13.000493,77.64452,F-04-01,D-0031,2,P-002165,LT-8m-Steel,W-004,560034,KSPDB-SD04-D-0031-0019
P-002167,13.000525,77.644797,F-04-01,D-0031,3,P-002166,LT-9m-PCC,W-004,560034,KSPDB-SD04-D-0031-0020
P-002168,13.00053,77.644945,F-04-01,D-0031,4,P-002167,LT-9m-PCC,W-004,560034,KSPDB-SD04-D-0031-0021
P-002169,13.001284,77.644714,F-04-01,D-0032,1,,LT-8m-PCC,W-090,560034,KSPDB-SD04-D-0032-0001
P-002170,13.001481,77.6446,F-04-01,D-0032,2,P-002169,LT-8m-PCC,W-090,560034,KSPDB-SD04-D-0032-0002
P-002171,13.00168,77.644489,F-04-01,D-0032,3,P-002170,LT-9m-PCC,W-090,560034,KSPDB-SD04-D-0032-0003
P-002172,13.002,77.644392,F-04-01,D-0032,4,P-002171,LT-9m-PCC,W-090,560034,KSPDB-SD04-D-0032-0004
P-002173,13.002349,77.644355,F-04-01,D-0032,5,P-002172,LT-9m-PCC,W-090,560034,KSPDB-SD04-D-0032-0005
P-002174,13.002533,77.644309,F-04-01,D-0032,6,P-002173,LT-8m-PCC,W-090,560034,KSPDB-SD04-D-0032-0006
P-002175,13.002832,77.644219,F-04-01,D-0032,7,P-002174,LT-9m-PCC,W-090,560034,KSPDB-SD04-D-0032-0007
P-002176,13.003056,77.644189,F-04-01,D-0032,8,P-002175,LT-9m-Steel,W-090,560034,KSPDB-SD04-D-0032-0008
P-002177,13.003328,77.644246,F-04-01,D-0032,9,P-002176,LT-8m-PCC,W-090,560034,KSPDB-SD04-D-0032-0009
P-002178,13.003646,77.6444,F-04-01,D-0032,10,P-002177,LT-9m-Steel,W-090,560034,KSPDB-SD04-D-0032-0010
P-002179,13.003951,77.644589,F-04-01,D-0032,11,P-002178,LT-8m-PCC,W-090,560034,KSPDB-SD04-D-0032-0011
P-002180,13.004194,77.64467,F-04-01,D-0032,12,P-002179,LT-8m-Steel,W-090,560034,KSPDB-SD04-D-0032-0012
P-002181,13.00451,77.644798,F-04-01,D-0032,13,P-002180,LT-9m-PCC,W-090,560034,KSPDB-SD04-D-0032-0013
P-002182,13.004633,77.644854,F-04-01,D-0032,14,P-002181,LT-9m-PCC,W-090,560034,KSPDB-SD04-D-0032-0014
P-002183,13.004923,77.644996,F-04-01,D-0032,15,P-002182,LT-8m-PCC,W-090,560034,KSPDB-SD04-D-0032-0015
P-002184,13.001497,77.644846,F-04-01,D-0032,1,,LT-9m-Steel,W-090,560034,KSPDB-SD04-D-0032-0016
P-002185,13.001762,77.644892,F-04-01,D-0032,2,P-002184,LT-8m-Steel,W-090,560034,KSPDB-SD04-D-0032-0017
P-002186,13.001981,77.644869,F-04-01,D-0032,3,P-002185,LT-8m-PCC,W-090,560034,KSPDB-SD04-D-0032-0018
P-002187,13.002258,77.644873,F-04-01,D-0032,4,P-002186,LT-9m-PCC,W-090,560034,KSPDB-SD04-D-0032-0019
P-002188,13.002507,77.644859,F-04-01,D-0032,5,P-002187,LT-8m-Steel,W-090,560034,KSPDB-SD04-D-0032-0020
P-002189,13.002793,77.644953,F-04-01,D-0032,6,P-002188,LT-9m-PCC,W-090,560034,KSPDB-SD04-D-0032-0021
P-002190,13.002989,77.645007,F-04-01,D-0032,7,P-002189,LT-9m-Steel,W-090,560034,KSPDB-SD04-D-0032-0022
P-002191,13.003142,77.645063,F-04-01,D-0032,8,P-002190,LT-9m-Steel,W-090,560034,KSPDB-SD04-D-0032-0023
P-002192,13.003351,77.64522,F-04-01,D-0032,9,P-002191,LT-8m-Steel,W-090,560034,
P-002193,13.003511,77.645392,F-04-01,D-0032,10,P-002192,LT-9m-PCC,W-090,560034,KSPDB-SD04-D-0032-0025
P-002194,13.003774,77.645629,F-04-01,D-0032,11,P-002193,LT-9m-Steel,W-090,560034,
P-002195,13.003961,77.645854,F-04-01,D-0032,12,P-002194,LT-8m-Steel,W-090,560034,KSPDB-SD04-D-0032-0027
P-002196,13.004067,77.64602,F-04-01,D-0032,13,P-002195,LT-8m-Steel,W-090,560034,KSPDB-SD04-D-0032-0028
P-002197,13.004234,77.646192,F-04-01,D-0032,14,P-002196,LT-8m-PCC,W-090,560034,KSPDB-SD04-D-0032-0029
P-002198,13.004428,77.646497,F-04-01,D-0032,15,P-002197,LT-9m-Steel,W-090,560034,KSPDB-SD04-D-0032-0030
P-002199,13.004532,77.646717,F-04-01,D-0032,16,P-002198,LT-9m-PCC,W-090,560034,KSPDB-SD04-D-0032-0031
P-002200,13.004602,77.646839,F-04-01,D-0032,17,P-002199,LT-9m-Steel,W-090,560034,KSPDB-SD04-D-0032-0032
P-002201,13.00478,77.647062,F-04-01,D-0032,18,P-002200,LT-8m-PCC,W-090,560034,KSPDB-SD04-D-0032-0033
P-002202,13.004848,77.6473,F-04-01,D-0032,19,P-002201,LT-8m-Steel,W-090,560034,KSPDB-SD04-D-0032-0034
P-002203,13.005011,77.64754,F-04-01,D-0032,20,P-002202,LT-9m-PCC,W-090,560034,KSPDB-SD04-D-0032-0035
P-002204,13.005944,77.646768,F-04-01,D-0033,1,,LT-9m-PCC,W-114,560034,KSPDB-SD04-D-0033-0001
P-002205,13.005854,77.646628,F-04-01,D-0033,2,P-002204,LT-8m-Steel,W-114,560034,KSPDB-SD04-D-0033-0002
P-002206,13.005592,77.646428,F-04-01,D-0033,3,P-002205,LT-9m-PCC,W-114,560034,KSPDB-SD04-D-0033-0003
P-002207,13.00531,77.646327,F-04-01,D-0033,4,P-002206,LT-8m-PCC,W-114,560034,KSPDB-SD04-D-0033-0004
P-002208,13.005027,77.646163,F-04-01,D-0033,5,P-002207,LT-9m-PCC,W-114,560034,KSPDB-SD04-D-0033-0005
P-002209,13.004807,77.64588,F-04-01,D-0033,6,P-002208,LT-9m-Steel,W-114,560034,KSPDB-SD04-D-0033-0006
P-002210,13.005727,77.646917,F-04-01,D-0033,1,,LT-8m-PCC,W-114,560034,KSPDB-SD04-D-0033-0007
P-002211,13.005552,77.646763,F-04-01,D-0033,2,P-002210,LT-9m-PCC,W-114,560034,KSPDB-SD04-D-0033-0008
P-002212,13.005316,77.646608,F-04-01,D-0033,3,P-002211,LT-9m-PCC,W-114,560034,KSPDB-SD04-D-0033-0009
P-002213,13.005117,77.646548,F-04-01,D-0033,4,P-002212,LT-9m-PCC,W-114,560034,KSPDB-SD04-D-0033-0010
P-002214,13.005676,77.646793,F-04-01,D-0033,1,P-002205,LT-9m-PCC,W-114,560034,KSPDB-SD04-D-0033-0011
P-002215,13.005429,77.646977,F-04-01,D-0033,2,P-002214,LT-9m-Steel,W-114,560034,KSPDB-SD04-D-0033-0012
P-002216,13.005319,77.64713,F-04-01,D-0033,3,P-002215,LT-8m-PCC,W-114,560034,KSPDB-SD04-D-0033-0013
P-002217,13.005152,77.647291,F-04-01,D-0033,4,P-002216,LT-8m-PCC,W-114,560034,KSPDB-SD04-D-0033-0014
P-002218,13.005455,77.64602,F-04-01,D-0033,1,P-002207,LT-9m-PCC,W-114,560034,KSPDB-SD04-D-0033-0015
P-002219,13.005529,77.645662,F-04-01,D-0033,2,P-002218,LT-8m-PCC,W-114,560034,
P-002220,13.005649,77.645391,F-04-01,D-0033,3,P-002219,LT-8m-Steel,W-114,560034,KSPDB-SD04-D-0033-0017
P-002221,13.005669,77.645042,F-04-01,D-0033,4,P-002220,LT-9m-PCC,W-114,560034,KSPDB-SD04-D-0033-0018
P-002222,13.005732,77.644838,F-04-01,D-0033,5,P-002221,LT-8m-PCC,W-114,,KSPDB-SD04-D-0033-0019
P-002223,13.005899,77.644613,F-04-01,D-0033,6,P-002222,LT-8m-PCC,W-114,560034,KSPDB-SD04-D-0033-0020
P-002224,13.006098,77.644491,F-04-01,D-0033,7,P-002223,LT-8m-PCC,W-114,,KSPDB-SD04-D-0033-0021
P-002225,13.006408,77.64444,F-04-01,D-0033,8,P-002224,LT-8m-PCC,W-114,560034,KSPDB-SD04-D-0033-0022
P-002226,13.005907,77.647224,F-04-01,D-0033,1,,LT-9m-PCC,W-114,560034,KSPDB-SD04-D-0033-0023
P-002227,13.005829,77.647545,F-04-01,D-0033,2,P-002226,LT-9m-Steel,W-114,560034,KSPDB-SD04-D-0033-0024
P-002228,13.005833,77.647803,F-04-01,D-0033,3,P-002227,LT-9m-PCC,W-114,560034,KSPDB-SD04-D-0033-0025
P-002229,13.005803,77.647955,F-04-01,D-0033,4,P-002228,LT-8m-PCC,W-114,560034,KSPDB-SD04-D-0033-0026
P-002230,13.005776,77.648193,F-04-01,D-0033,5,P-002229,LT-9m-Steel,W-114,560034,KSPDB-SD04-D-0033-0027
P-002231,13.005676,77.648411,F-04-01,D-0033,6,P-002230,LT-8m-Steel,W-114,560034,KSPDB-SD04-D-0033-0028
P-002232,13.005437,77.648679,F-04-01,D-0033,7,P-002231,LT-9m-PCC,W-114,,KSPDB-SD04-D-0033-0029
P-002233,13.002847,77.648504,F-04-01,D-0034,,,LT-9m-Steel,W-031,560034,
P-002234,13.002499,77.648466,F-04-01,D-0034,,,LT-9m-Steel,W-031,560034,KSPDB-SD04-D-0034-0002
P-002235,13.002295,77.648486,F-04-01,D-0034,,,LT-8m-Steel,W-031,560034,KSPDB-SD04-D-0034-0003
P-002236,13.002011,77.648611,F-04-01,D-0034,,,LT-8m-PCC,W-031,560034,KSPDB-SD04-D-0034-0004
P-002237,13.001808,77.648636,F-04-01,D-0034,,,LT-9m-PCC,W-031,,KSPDB-SD04-D-0034-0005
P-002238,13.00308,77.648341,F-04-01,D-0034,,,LT-9m-PCC,W-031,560034,KSPDB-SD04-D-0034-0006
P-002239,13.003259,77.648282,F-04-01,D-0034,,,LT-8m-Steel,W-031,560034,KSPDB-SD04-D-0034-0007
P-002240,13.003479,77.648138,F-04-01,D-0034,,,LT-8m-Steel,W-031,560034,KSPDB-SD04-D-0034-0008
P-002241,13.003686,77.648092,F-04-01,D-0034,,,LT-8m-Steel,W-031,560034,KSPDB-SD04-D-0034-0009
P-002242,13.003917,77.647932,F-04-01,D-0034,,,LT-8m-Steel,W-031,560034,
P-002243,13.004057,77.647878,F-04-01,D-0034,,,LT-8m-PCC,W-031,560034,KSPDB-SD04-D-0034-0011
P-002244,13.004298,77.647852,F-04-01,D-0034,,,LT-9m-Steel,W-031,560034,KSPDB-SD04-D-0034-0012
P-002245,13.004065,77.647722,F-04-01,D-0034,,,LT-9m-Steel,W-031,560034,KSPDB-SD04-D-0034-0013
P-002246,13.003795,77.647685,F-04-01,D-0034,,,LT-8m-PCC,W-031,560034,KSPDB-SD04-D-0034-0014
P-002247,13.003627,77.647651,F-04-01,D-0034,,,LT-8m-Steel,W-031,560034,KSPDB-SD04-D-0034-0015
P-002248,13.003323,77.647578,F-04-01,D-0034,,,LT-9m-PCC,W-031,560034,KSPDB-SD04-D-0034-0016
P-002249,13.003171,77.647472,F-04-01,D-0034,,,LT-8m-Steel,W-031,560034,KSPDB-SD04-D-0034-0017
P-002250,13.00307,77.647312,F-04-01,D-0034,,,LT-9m-Steel,W-031,560034,KSPDB-SD04-D-0034-0018
P-002251,13.002973,77.647048,F-04-01,D-0034,,,LT-8m-Steel,W-031,560034,KSPDB-SD04-D-0034-0019
P-002252,13.002928,77.646744,F-04-01,D-0034,,,LT-9m-Steel,W-031,560034,KSPDB-SD04-D-0034-0020
P-002253,13.002826,77.646557,F-04-01,D-0034,,,LT-8m-Steel,W-031,560034,KSPDB-SD04-D-0034-0021
P-002254,13.002947,77.648369,F-04-01,D-0034,,,LT-9m-PCC,W-031,560034,KSPDB-SD04-D-0034-0022
P-002255,13.002736,77.648326,F-04-01,D-0034,,,LT-9m-Steel,W-031,560034,KSPDB-SD04-D-0034-0023
P-002256,13.002571,77.648301,F-04-01,D-0034,,,LT-8m-Steel,W-031,560034,KSPDB-SD04-D-0034-0024
P-002257,13.0023,77.648245,F-04-01,D-0034,,,LT-8m-PCC,W-031,560034,KSPDB-SD04-D-0034-0025
P-002258,13.002086,77.648274,F-04-01,D-0034,,,LT-8m-Steel,W-031,560034,KSPDB-SD04-D-0034-0026
P-002259,13.00193,77.648365,F-04-01,D-0034,,,LT-9m-PCC,W-031,560034,KSPDB-SD04-D-0034-0027
P-002260,13.001756,77.648428,F-04-01,D-0034,,,LT-8m-PCC,W-031,560034,
P-002261,13.00193,77.648407,F-04-01,D-0034,,,LT-9m-PCC,W-031,560034,KSPDB-SD04-D-0034-0029
P-002262,13.002243,77.648493,F-04-01,D-0034,,,LT-8m-Steel,W-031,560034,KSPDB-SD04-D-0034-0030
P-002263,13.002382,77.648484,F-04-01,D-0034,,,LT-8m-PCC,W-031,560034,KSPDB-SD04-D-0034-0031
P-002264,13.002597,77.648438,F-04-01,D-0034,,,LT-9m-Steel,W-031,560034,KSPDB-SD04-D-0034-0032
P-002265,13.002742,77.648368,F-04-01,D-0034,,,LT-8m-PCC,W-031,,KSPDB-SD04-D-0034-0033
P-002266,13.000267,77.643832,F-04-01,D-0035,1,,LT-8m-PCC,W-020,560034,KSPDB-SD04-D-0035-0001
P-002267,13.000158,77.643979,F-04-01,D-0035,2,P-002266,LT-9m-Steel,W-020,560034,KSPDB-SD04-D-0035-0002
P-002268,13.000079,77.644193,F-04-01,D-0035,3,P-002267,LT-8m-Steel,W-020,560034,KSPDB-SD04-D-0035-0003
P-002269,12.999913,77.644492,F-04-01,D-0035,4,P-002268,LT-8m-Steel,W-020,560034,KSPDB-SD04-D-0035-0004
P-002270,12.99976,77.644809,F-04-01,D-0035,5,P-002269,LT-9m-PCC,W-020,560034,KSPDB-SD04-D-0035-0005
P-002271,12.999623,77.645033,F-04-01,D-0035,6,P-002270,LT-8m-Steel,W-020,560034,KSPDB-SD04-D-0035-0006
P-002272,12.999507,77.645137,F-04-01,D-0035,7,P-002271,LT-8m-PCC,W-020,560034,KSPDB-SD04-D-0035-0007
P-002273,12.99934,77.645274,F-04-01,D-0035,8,P-002272,LT-9m-PCC,W-020,560034,KSPDB-SD04-D-0035-0008
P-002274,12.999164,77.645439,F-04-01,D-0035,9,P-002273,LT-9m-PCC,W-020,560034,KSPDB-SD04-D-0035-0009
P-002275,12.999009,77.645615,F-04-01,D-0035,10,P-002274,LT-8m-PCC,W-020,560034,KSPDB-SD04-D-0035-0010
P-002276,12.998853,77.645784,F-04-01,D-0035,11,P-002275,LT-9m-Steel,W-020,560034,KSPDB-SD04-D-0035-0011
P-002277,12.998752,77.645967,F-04-01,D-0035,12,P-002276,LT-8m-PCC,W-020,560034,KSPDB-SD04-D-0035-0012
P-002278,12.998651,77.646115,F-04-01,D-0035,13,P-002277,LT-9m-PCC,W-020,560034,KSPDB-SD04-D-0035-0013
P-002279,12.998446,77.64631,F-04-01,D-0035,14,P-002278,LT-9m-PCC,W-020,560034,KSPDB-SD04-D-0035-0014
P-002280,12.998323,77.646403,F-04-01,D-0035,15,P-002279,LT-9m-PCC,W-020,560034,KSPDB-SD04-D-0035-0015
P-002281,12.998169,77.646606,F-04-01,D-0035,16,P-002280,LT-8m-PCC,W-020,560034,KSPDB-SD04-D-0035-0016
P-002282,12.998008,77.646878,F-04-01,D-0035,17,P-002281,LT-8m-Steel,W-020,560034,KSPDB-SD04-D-0035-0017
P-002283,12.997976,77.647036,F-04-01,D-0035,18,P-002282,LT-8m-Steel,W-020,560034,KSPDB-SD04-D-0035-0018
P-002284,12.997901,77.647162,F-04-01,D-0035,19,P-002283,LT-9m-Steel,W-020,560034,KSPDB-SD04-D-0035-0019
P-002285,12.997774,77.647291,F-04-01,D-0035,20,P-002284,LT-8m-Steel,W-020,560034,KSPDB-SD04-D-0035-0020
P-002286,12.997612,77.647416,F-04-01,D-0035,21,P-002285,LT-8m-Steel,W-020,560034,KSPDB-SD04-D-0035-0021
P-002287,12.997433,77.647648,F-04-01,D-0035,22,P-002286,LT-9m-PCC,W-020,560034,KSPDB-SD04-D-0035-0022
P-002288,12.997212,77.647846,F-04-01,D-0035,23,P-002287,LT-9m-PCC,W-020,560034,KSPDB-SD04-D-0035-0023
P-002289,12.997054,77.648177,F-04-01,D-0035,24,P-002288,LT-8m-PCC,W-020,560034,KSPDB-SD04-D-0035-0024
P-002290,12.996979,77.648476,F-04-01,D-0035,25,P-002289,LT-9m-PCC,W-020,560034,KSPDB-SD04-D-0035-0025
P-002291,12.99699,77.648616,F-04-01,D-0035,26,P-002290,LT-9m-PCC,W-020,560034,KSPDB-SD04-D-0035-0026
P-002292,12.996963,77.648942,F-04-01,D-0035,27,P-002291,LT-9m-Steel,W-020,560034,KSPDB-SD04-D-0035-0027
P-002293,12.996996,77.649171,F-04-01,D-0035,28,P-002292,LT-8m-Steel,W-020,560034,KSPDB-SD04-D-0035-0028
P-002294,12.997014,77.649443,F-04-01,D-0035,29,P-002293,LT-9m-PCC,W-020,560034,KSPDB-SD04-D-0035-0029
P-002295,12.99706,77.649685,F-04-01,D-0035,30,P-002294,LT-8m-Steel,W-020,560034,KSPDB-SD04-D-0035-0030
P-002296,12.997121,77.649993,F-04-01,D-0035,31,P-002295,LT-9m-PCC,W-020,560034,KSPDB-SD04-D-0035-0031
P-002297,12.997104,77.650222,F-04-01,D-0035,32,P-002296,LT-8m-Steel,W-020,560034,KSPDB-SD04-D-0035-0032
P-002298,12.997015,77.650519,F-04-01,D-0035,33,P-002297,LT-8m-Steel,W-020,560034,
P-002299,12.996937,77.650764,F-04-01,D-0035,34,P-002298,LT-9m-PCC,W-020,560034,KSPDB-SD04-D-0035-0034
P-002300,13.000108,77.643794,F-04-01,D-0035,1,,LT-8m-PCC,W-020,560034,KSPDB-SD04-D-0035-0035
P-002301,12.999943,77.64392,F-04-01,D-0035,2,P-002300,LT-9m-PCC,W-020,560034,KSPDB-SD04-D-0035-0036
P-002302,12.999658,77.644039,F-04-01,D-0035,3,P-002301,LT-9m-Steel,W-020,560034,KSPDB-SD04-D-0035-0037
P-002303,12.999503,77.644136,F-04-01,D-0035,4,P-002302,LT-9m-Steel,W-020,560034,KSPDB-SD04-D-0035-0038
P-002304,12.999275,77.644265,F-04-01,D-0035,5,P-002303,LT-8m-Steel,W-020,560034,KSPDB-SD04-D-0035-0039
P-002305,12.999032,77.644373,F-04-01,D-0035,6,P-002304,LT-8m-Steel,W-020,560034,KSPDB-SD04-D-0035-0040
P-002306,12.998688,77.644411,F-04-01,D-0035,7,P-002305,LT-8m-PCC,W-020,560034,KSPDB-SD04-D-0035-0041
P-002307,12.998383,77.64432,F-04-01,D-0035,8,P-002306,LT-8m-PCC,W-020,560034,KSPDB-SD04-D-0035-0042
P-002308,12.998172,77.644317,F-04-01,D-0035,9,P-002307,LT-9m-PCC,W-020,560034,KSPDB-SD04-D-0035-0043
P-002309,12.997885,77.644293,F-04-01,D-0035,10,P-002308,LT-8m-Steel,W-020,560034,KSPDB-SD04-D-0035-0044
P-002310,12.997579,77.644243,F-04-01,D-0035,11,P-002309,LT-8m-Steel,W-020,560034,
P-002311,12.997373,77.644215,F-04-01,D-0035,12,P-002310,LT-9m-PCC,W-020,560034,KSPDB-SD04-D-0035-0046
P-002312,12.997101,77.64406,F-04-01,D-0035,13,P-002311,LT-9m-Steel,W-020,560034,KSPDB-SD04-D-0035-0047
P-002313,12.996934,77.64403,F-04-01,D-0035,14,P-002312,LT-9m-Steel,W-020,560034,KSPDB-SD04-D-0035-0048
P-002314,12.996729,77.64407,F-04-01,D-0035,15,P-002313,LT-8m-Steel,W-020,560034,
P-002315,12.99647,77.644151,F-04-01,D-0035,16,P-002314,LT-9m-PCC,W-020,560034,KSPDB-SD04-D-0035-0050
P-002316,12.996165,77.644276,F-04-01,D-0035,17,P-002315,LT-8m-PCC,W-020,560034,KSPDB-SD04-D-0035-0051
P-002317,12.996034,77.644405,F-04-01,D-0035,18,P-002316,LT-9m-Steel,W-020,560034,KSPDB-SD04-D-0035-0052
P-002318,12.995836,77.644569,F-04-01,D-0035,19,P-002317,LT-9m-PCC,W-020,560034,KSPDB-SD04-D-0035-0053
P-002319,12.995691,77.644636,F-04-01,D-0035,20,P-002318,LT-8m-PCC,W-020,560034,KSPDB-SD04-D-0035-0054
P-002320,12.995482,77.644749,F-04-01,D-0035,21,P-002319,LT-8m-Steel,W-020,560034,KSPDB-SD04-D-0035-0055
P-002321,12.995373,77.644863,F-04-01,D-0035,22,P-002320,LT-8m-PCC,W-020,560034,KSPDB-SD04-D-0035-0056
P-002322,12.995144,77.644987,F-04-01,D-0035,23,P-002321,LT-8m-Steel,W-020,560034,KSPDB-SD04-D-0035-0057
P-002323,12.994856,77.645019,F-04-01,D-0035,24,P-002322,LT-9m-PCC,W-020,560034,
P-002324,12.99468,77.645037,F-04-01,D-0035,25,P-002323,LT-9m-Steel,W-020,560034,KSPDB-SD04-D-0035-0059
P-002325,12.99434,77.644949,F-04-01,D-0035,26,P-002324,LT-9m-Steel,W-020,560034,KSPDB-SD04-D-0035-0060
P-002326,12.994169,77.644871,F-04-01,D-0035,27,P-002325,LT-9m-PCC,W-020,560034,KSPDB-SD04-D-0035-0061
P-002327,12.994025,77.644827,F-04-01,D-0035,28,P-002326,LT-9m-PCC,W-020,560034,KSPDB-SD04-D-0035-0062
P-002328,13.000359,77.644033,F-04-01,D-0035,1,,LT-8m-Steel,W-020,560034,
P-002329,13.000364,77.644207,F-04-01,D-0035,2,P-002328,LT-8m-PCC,W-020,560034,KSPDB-SD04-D-0035-0064
P-002330,13.000292,77.644459,F-04-01,D-0035,3,P-002329,LT-9m-Steel,W-020,560034,
P-002331,13.000247,77.644606,F-04-01,D-0035,4,P-002330,LT-8m-PCC,W-020,560034,KSPDB-SD04-D-0035-0066
P-002332,13.000268,77.644943,F-04-01,D-0035,5,P-002331,LT-9m-PCC,W-020,560034,KSPDB-SD04-D-0035-0067
P-002333,13.000226,77.645124,F-04-01,D-0035,6,P-002332,LT-8m-Steel,W-020,560034,KSPDB-SD04-D-0035-0068
P-002334,13.000142,77.645413,F-04-01,D-0035,7,P-002333,LT-9m-Steel,W-020,560034,KSPDB-SD04-D-0035-0069
P-002335,13.000061,77.645678,F-04-01,D-0035,8,P-002334,LT-9m-PCC,W-020,560034,KSPDB-SD04-D-0035-0070
P-002336,13.000072,77.645951,F-04-01,D-0035,9,P-002335,LT-9m-Steel,W-020,560034,
P-002337,13.000085,77.646247,F-04-01,D-0035,10,P-002336,LT-8m-PCC,W-020,560034,
P-002338,13.000067,77.646386,F-04-01,D-0035,11,P-002337,LT-8m-Steel,W-020,560034,KSPDB-SD04-D-0035-0073
P-002339,13.000006,77.646525,F-04-01,D-0035,12,P-002338,LT-9m-Steel,W-020,560034,KSPDB-SD04-D-0035-0074
P-002340,12.999854,77.64681,F-04-01,D-0035,13,P-002339,LT-8m-Steel,W-020,560034,KSPDB-SD04-D-0035-0075
P-002341,12.999698,77.647119,F-04-01,D-0035,14,P-002340,LT-9m-Steel,W-020,560034,KSPDB-SD04-D-0035-0076
P-002342,12.999656,77.647359,F-04-01,D-0035,15,P-002341,LT-8m-PCC,W-020,560034,KSPDB-SD04-D-0035-0077
P-002343,12.999621,77.647665,F-04-01,D-0035,16,P-002342,LT-9m-PCC,W-020,560034,KSPDB-SD04-D-0035-0078
P-002344,12.999527,77.647993,F-04-01,D-0035,17,P-002343,LT-9m-Steel,W-020,560034,KSPDB-SD04-D-0035-0079
P-002345,12.999435,77.648277,F-04-01,D-0035,18,P-002344,LT-9m-PCC,W-020,560034,KSPDB-SD04-D-0035-0080
P-002346,12.999405,77.648482,F-04-01,D-0035,19,P-002345,LT-8m-PCC,W-020,560034,KSPDB-SD04-D-0035-0081
P-002347,12.999386,77.648806,F-04-01,D-0035,20,P-002346,LT-8m-PCC,W-020,560034,KSPDB-SD04-D-0035-0082
P-002348,12.999326,77.648992,F-04-01,D-0035,21,P-002347,LT-8m-Steel,W-020,560034,KSPDB-SD04-D-0035-0083
P-002349,12.999325,77.649299,F-04-01,D-0035,22,P-002348,LT-9m-PCC,W-020,560034,KSPDB-SD04-D-0035-0084
P-002350,13.000457,77.643464,F-04-01,D-0035,1,,LT-8m-Steel,W-020,560034,KSPDB-SD04-D-0035-0085
P-002351,13.000654,77.643171,F-04-01,D-0035,2,P-002350,LT-9m-PCC,W-020,560034,KSPDB-SD04-D-0035-0086
P-002352,13.000893,77.642937,F-04-01,D-0035,3,P-002351,LT-9m-PCC,W-020,560034,KSPDB-SD04-D-0035-0087
P-002353,13.001124,77.642783,F-04-01,D-0035,4,P-002352,LT-9m-Steel,W-020,560034,KSPDB-SD04-D-0035-0088
P-002354,13.001436,77.642643,F-04-01,D-0035,5,P-002353,LT-8m-Steel,W-020,560034,KSPDB-SD04-D-0035-0089
P-002355,13.001686,77.642478,F-04-01,D-0035,6,P-002354,LT-8m-PCC,W-020,560034,KSPDB-SD04-D-0035-0090
P-002356,13.001917,77.642393,F-04-01,D-0035,7,P-002355,LT-8m-Steel,W-020,560034,KSPDB-SD04-D-0035-0091
P-002357,13.002109,77.642215,F-04-01,D-0035,8,P-002356,LT-9m-PCC,W-020,560034,KSPDB-SD04-D-0035-0092
P-002358,13.002173,77.642073,F-04-01,D-0035,9,P-002357,LT-9m-PCC,W-020,560034,KSPDB-SD04-D-0035-0093
P-002359,13.002383,77.641843,F-04-01,D-0035,10,P-002358,LT-8m-Steel,W-020,560034,KSPDB-SD04-D-0035-0094
P-002360,13.002567,77.641691,F-04-01,D-0035,11,P-002359,LT-9m-Steel,W-020,560034,KSPDB-SD04-D-0035-0095
P-002361,13.002787,77.641573,F-04-01,D-0035,12,P-002360,LT-8m-PCC,W-020,560034,KSPDB-SD04-D-0035-0096
P-002362,13.002923,77.641506,F-04-01,D-0035,13,P-002361,LT-9m-Steel,W-020,560034,
P-002363,13.003172,77.641328,F-04-01,D-0035,14,P-002362,LT-8m-Steel,W-020,,KSPDB-SD04-D-0035-0098
P-002364,13.003436,77.641176,F-04-01,D-0035,15,P-002363,LT-8m-Steel,W-020,560034,KSPDB-SD04-D-0035-0099
P-002365,13.003592,77.641012,F-04-01,D-0035,16,P-002364,LT-8m-PCC,W-020,560034,KSPDB-SD04-D-0035-0100
P-002366,13.00374,77.640947,F-04-01,D-0035,17,P-002365,LT-8m-Steel,W-020,560034,KSPDB-SD04-D-0035-0101
P-002367,13.003894,77.640803,F-04-01,D-0035,18,P-002366,LT-9m-PCC,W-020,560034,KSPDB-SD04-D-0035-0102
P-002368,13.004038,77.640602,F-04-01,D-0035,19,P-002367,LT-8m-Steel,W-020,560034,KSPDB-SD04-D-0035-0103
P-002369,13.004252,77.640454,F-04-01,D-0035,20,P-002368,LT-8m-PCC,W-020,560034,KSPDB-SD04-D-0035-0104
P-002370,13.004574,77.64032,F-04-01,D-0035,21,P-002369,LT-9m-Steel,W-020,,
P-002371,13.004892,77.640288,F-04-01,D-0035,22,P-002370,LT-8m-Steel,W-020,560034,KSPDB-SD04-D-0035-0106
P-002372,13.005053,77.640223,F-04-01,D-0035,23,P-002371,LT-9m-Steel,W-020,560034,KSPDB-SD04-D-0035-0107
P-002373,13.00521,77.640226,F-04-01,D-0035,24,P-002372,LT-9m-Steel,W-020,560034,KSPDB-SD04-D-0035-0108
P-002374,13.005461,77.640272,F-04-01,D-0035,25,P-002373,LT-9m-PCC,W-020,560034,KSPDB-SD04-D-0035-0109
P-002375,13.005608,77.640313,F-04-01,D-0035,26,P-002374,LT-8m-PCC,W-020,560034,KSPDB-SD04-D-0035-0110
P-002376,12.983103,77.644734,F-04-02,D-0036,1,,LT-8m-Steel,W-035,560034,KSPDB-SD04-D-0036-0001
P-002377,12.983377,77.644771,F-04-02,D-0036,2,P-002376,LT-8m-PCC,W-035,560034,KSPDB-SD04-D-0036-0002
P-002378,12.983595,77.644886,F-04-02,D-0036,3,P-002377,LT-9m-Steel,W-035,560034,KSPDB-SD04-D-0036-0003
P-002379,12.98374,77.644903,F-04-02,D-0036,4,P-002378,LT-9m-PCC,W-035,560034,KSPDB-SD04-D-0036-0004
P-002380,12.984072,77.644805,F-04-02,D-0036,5,P-002379,LT-8m-Steel,W-035,560034,KSPDB-SD04-D-0036-0005
P-002381,12.984371,77.644979,F-04-02,D-0036,1,P-002380,LT-8m-PCC,W-035,560034,KSPDB-SD04-D-0036-0006
P-002382,12.984485,77.645083,F-04-02,D-0036,2,P-002381,LT-9m-PCC,W-035,560034,KSPDB-SD04-D-0036-0007
P-002383,12.98466,77.645193,F-04-02,D-0036,3,P-002382,LT-9m-PCC,W-035,560034,KSPDB-SD04-D-0036-0008
P-002384,12.984837,77.645263,F-04-02,D-0036,4,P-002383,LT-9m-PCC,W-035,560034,KSPDB-SD04-D-0036-0009
P-002385,12.984991,77.645379,F-04-02,D-0036,5,P-002384,LT-8m-PCC,W-035,560034,KSPDB-SD04-D-0036-0010
P-002386,12.985155,77.645552,F-04-02,D-0036,6,P-002385,LT-8m-PCC,W-035,560034,KSPDB-SD04-D-0036-0011
P-002387,12.985305,77.64568,F-04-02,D-0036,7,P-002386,LT-9m-Steel,W-035,560034,KSPDB-SD04-D-0036-0012
P-002388,12.985442,77.645751,F-04-02,D-0036,8,P-002387,LT-8m-PCC,W-035,560034,KSPDB-SD04-D-0036-0013
P-002389,12.985665,77.645772,F-04-02,D-0036,9,P-002388,LT-8m-Steel,W-035,560034,KSPDB-SD04-D-0036-0014
P-002390,12.985884,77.645855,F-04-02,D-0036,10,P-002389,LT-8m-Steel,W-035,560034,KSPDB-SD04-D-0036-0015
P-002391,12.986166,77.645961,F-04-02,D-0036,11,P-002390,LT-9m-Steel,W-035,560034,KSPDB-SD04-D-0036-0016
P-002392,12.986481,77.646007,F-04-02,D-0036,12,P-002391,LT-8m-Steel,W-035,560034,KSPDB-SD04-D-0036-0017
P-002393,12.98662,77.645994,F-04-02,D-0036,13,P-002392,LT-8m-Steel,W-035,560034,KSPDB-SD04-D-0036-0018
P-002394,12.983028,77.644465,F-04-02,D-0036,1,,LT-8m-Steel,W-035,560034,KSPDB-SD04-D-0036-0019
P-002395,12.983103,77.64431,F-04-02,D-0036,2,P-002394,LT-8m-PCC,W-035,560034,KSPDB-SD04-D-0036-0020
P-002396,12.983157,77.64412,F-04-02,D-0036,3,P-002395,LT-8m-Steel,W-035,560034,KSPDB-SD04-D-0036-0021
P-002397,12.983229,77.643889,F-04-02,D-0036,4,P-002396,LT-9m-PCC,W-035,560034,KSPDB-SD04-D-0036-0022
P-002398,12.983337,77.643634,F-04-02,D-0036,5,P-002397,LT-8m-PCC,W-035,560034,KSPDB-SD04-D-0036-0023
P-002399,12.98345,77.64351,F-04-02,D-0036,6,P-002398,LT-8m-Steel,W-035,560034,KSPDB-SD04-D-0036-0024
P-002400,12.983568,77.643386,F-04-02,D-0036,7,P-002399,LT-8m-Steel,W-035,560034,KSPDB-SD04-D-0036-0025
P-002401,12.983686,77.643313,F-04-02,D-0036,8,P-002400,LT-8m-Steel,W-035,560034,KSPDB-SD04-D-0036-0026
P-002402,12.98394,77.643154,F-04-02,D-0036,9,P-002401,LT-9m-PCC,W-035,560034,
P-002403,12.984234,77.642973,F-04-02,D-0036,10,P-002402,LT-8m-Steel,W-035,560034,KSPDB-SD04-D-0036-0028
P-002404,12.984456,77.642691,F-04-02,D-0036,11,P-002403,LT-8m-Steel,W-035,560034,KSPDB-SD04-D-0036-0029
P-002405,12.984628,77.642513,F-04-02,D-0036,12,P-002404,LT-9m-Steel,W-035,560034,KSPDB-SD04-D-0036-0030
P-002406,12.984793,77.642298,F-04-02,D-0036,13,P-002405,LT-8m-PCC,W-035,560034,
P-002407,12.98489,77.642189,F-04-02,D-0036,14,P-002406,LT-8m-PCC,W-035,560034,KSPDB-SD04-D-0036-0032
P-002408,12.984998,77.645729,F-04-02,D-0036,1,P-002386,LT-9m-PCC,W-035,560034,KSPDB-SD04-D-0036-0033
P-002409,12.984725,77.645937,F-04-02,D-0036,2,P-002408,LT-8m-Steel,W-035,560034,KSPDB-SD04-D-0036-0034
P-002410,12.984554,77.646123,F-04-02,D-0036,3,P-002409,LT-9m-PCC,W-035,560034,KSPDB-SD04-D-0036-0035
P-002411,12.984354,77.646337,F-04-02,D-0036,4,P-002410,LT-9m-Steel,W-035,560034,KSPDB-SD04-D-0036-0036
P-002412,12.984194,77.646574,F-04-02,D-0036,5,P-002411,LT-9m-PCC,W-035,560034,KSPDB-SD04-D-0036-0037
P-002413,12.984115,77.646871,F-04-02,D-0036,6,P-002412,LT-8m-PCC,W-035,560034,KSPDB-SD04-D-0036-0038
P-002414,12.98405,77.647001,F-04-02,D-0036,7,P-002413,LT-9m-PCC,W-035,560034,KSPDB-SD04-D-0036-0039
P-002415,12.983989,77.647278,F-04-02,D-0036,8,P-002414,LT-9m-Steel,W-035,560034,KSPDB-SD04-D-0036-0040
P-002416,12.983966,77.647576,F-04-02,D-0036,9,P-002415,LT-9m-PCC,W-035,560034,KSPDB-SD04-D-0036-0041
P-002417,12.983973,77.647774,F-04-02,D-0036,10,P-002416,LT-9m-Steel,W-035,560034,KSPDB-SD04-D-0036-0042
P-002418,12.983973,77.64807,F-04-02,D-0036,11,P-002417,LT-9m-PCC,W-035,560034,KSPDB-SD04-D-0036-0043
P-002419,12.98392,77.648341,F-04-02,D-0036,12,P-002418,LT-8m-Steel,W-035,560034,KSPDB-SD04-D-0036-0044
P-002420,12.982656,77.64501,F-04-02,D-0036,1,,LT-8m-PCC,W-035,560034,KSPDB-SD04-D-0036-0045
P-002421,12.98247,77.645303,F-04-02,D-0036,2,P-002420,LT-8m-PCC,W-035,560034,KSPDB-SD04-D-0036-0046
P-002422,12.982307,77.645519,F-04-02,D-0036,3,P-002421,LT-9m-PCC,W-035,560034,KSPDB-SD04-D-0036-0047
P-002423,12.982224,77.645762,F-04-02,D-0036,4,P-002422,LT-9m-PCC,W-035,560034,KSPDB-SD04-D-0036-0048
P-002424,12.982096,77.645958,F-04-02,D-0036,5,P-002423,LT-9m-PCC,W-035,560034,KSPDB-SD04-D-0036-0049
P-002425,12.982035,77.646144,F-04-02,D-0036,6,P-002424,LT-9m-Steel,W-035,560034,KSPDB-SD04-D-0036-0050
P-002426,12.981872,77.646464,F-04-02,D-0036,7,P-002425,LT-9m-PCC,W-035,560034,KSPDB-SD04-D-0036-0051
P-002427,12.981795,77.646677,F-04-02,D-0036,8,P-002426,LT-9m-PCC,W-035,560034,KSPDB-SD04-D-0036-0052
P-002428,12.981685,77.64688,F-04-02,D-0036,9,P-002427,LT-9m-PCC,W-035,560034,KSPDB-SD04-D-0036-0053
P-002429,12.981623,77.64718,F-04-02,D-0036,10,P-002428,LT-8m-Steel,W-035,560034,KSPDB-SD04-D-0036-0054
P-002430,12.981481,77.647425,F-04-02,D-0036,11,P-002429,LT-9m-PCC,W-035,560034,KSPDB-SD04-D-0036-0055
P-002431,12.984491,77.636179,F-04-02,D-0037,1,,LT-9m-PCC,W-085,560034,KSPDB-SD04-D-0037-0001
P-002432,12.984508,77.63647,F-04-02,D-0037,2,P-002431,LT-8m-Steel,W-085,560034,KSPDB-SD04-D-0037-0002
P-002433,12.984503,77.636621,F-04-02,D-0037,3,P-002432,LT-9m-Steel,W-085,560034,KSPDB-SD04-D-0037-0003
P-002434,12.984472,77.636833,F-04-02,D-0037,4,P-002433,LT-9m-PCC,W-085,560034,KSPDB-SD04-D-0037-0004
P-002435,12.984365,77.63705,F-04-02,D-0037,5,P-002434,LT-9m-Steel,W-085,560034,KSPDB-SD04-D-0037-0005
P-002436,12.984273,77.637341,F-04-02,D-0037,6,P-002435,LT-8m-PCC,W-085,560034,KSPDB-SD04-D-0037-0006
P-002437,12.984273,77.637512,F-04-02,D-0037,7,P-002436,LT-8m-Steel,W-085,,KSPDB-SD04-D-0037-0007
P-002438,12.9843,77.637849,F-04-02,D-0037,8,P-002437,LT-8m-PCC,W-085,560034,KSPDB-SD04-D-0037-0008
P-002439,12.984272,77.638147,F-04-02,D-0037,9,P-002438,LT-9m-Steel,W-085,560034,KSPDB-SD04-D-0037-0009
P-002440,12.984305,77.638368,F-04-02,D-0037,10,P-002439,LT-9m-Steel,W-085,560034,KSPDB-SD04-D-0037-0010
P-002441,12.984376,77.638649,F-04-02,D-0037,11,P-002440,LT-8m-Steel,W-085,560034,KSPDB-SD04-D-0037-0011
P-002442,12.984428,77.638876,F-04-02,D-0037,12,P-002441,LT-9m-PCC,W-085,560034,KSPDB-SD04-D-0037-0012
P-002443,12.984421,77.639241,F-04-02,D-0037,13,P-002442,LT-9m-PCC,W-085,560034,KSPDB-SD04-D-0037-0013
P-002444,12.984529,77.639548,F-04-02,D-0037,14,P-002443,LT-8m-Steel,W-085,560034,KSPDB-SD04-D-0037-0014
P-002445,12.98452,77.639769,F-04-02,D-0037,15,P-002444,LT-9m-PCC,W-085,560034,KSPDB-SD04-D-0037-0015
P-002446,12.984396,77.640067,F-04-02,D-0037,16,P-002445,LT-8m-Steel,W-085,560034,
P-002447,12.984275,77.640273,F-04-02,D-0037,17,P-002446,LT-8m-Steel,W-085,560034,KSPDB-SD04-D-0037-0017
P-002448,12.984176,77.64048,F-04-02,D-0037,18,P-002447,LT-9m-Steel,W-085,560034,KSPDB-SD04-D-0037-0018
P-002449,12.984121,77.640627,F-04-02,D-0037,19,P-002448,LT-8m-Steel,W-085,560034,KSPDB-SD04-D-0037-0019
P-002450,12.98398,77.640948,F-04-02,D-0037,20,P-002449,LT-8m-Steel,W-085,560034,KSPDB-SD04-D-0037-0020
P-002451,12.983951,77.641313,F-04-02,D-0037,21,P-002450,LT-8m-Steel,W-085,560034,KSPDB-SD04-D-0037-0021
P-002452,12.98402,77.641652,F-04-02,D-0037,22,P-002451,LT-9m-Steel,W-085,560034,KSPDB-SD04-D-0037-0022
P-002453,12.984097,77.641843,F-04-02,D-0037,23,P-002452,LT-9m-Steel,W-085,560034,KSPDB-SD04-D-0037-0023
P-002454,12.984122,77.642012,F-04-02,D-0037,24,P-002453,LT-8m-Steel,W-085,560034,KSPDB-SD04-D-0037-0024
P-002455,12.984165,77.642278,F-04-02,D-0037,25,P-002454,LT-8m-PCC,W-085,560034,KSPDB-SD04-D-0037-0025
P-002456,12.984273,77.642508,F-04-02,D-0037,26,P-002455,LT-9m-PCC,W-085,560034,KSPDB-SD04-D-0037-0026
P-002457,12.984321,77.642826,F-04-02,D-0037,27,P-002456,LT-9m-Steel,W-085,560034,KSPDB-SD04-D-0037-0027
P-002458,12.98432,77.643119,F-04-02,D-0037,28,P-002457,LT-9m-Steel,W-085,560034,KSPDB-SD04-D-0037-0028
P-002459,12.984331,77.643459,F-04-02,D-0037,29,P-002458,LT-8m-PCC,W-085,560034,KSPDB-SD04-D-0037-0029
P-002460,12.984276,77.643694,F-04-02,D-0037,30,P-002459,LT-8m-Steel,W-085,560034,KSPDB-SD04-D-0037-0030
P-002461,12.984131,77.643943,F-04-02,D-0037,31,P-002460,LT-8m-PCC,W-085,560034,KSPDB-SD04-D-0037-0031
P-002462,12.984007,77.64408,F-04-02,D-0037,32,P-002461,LT-8m-PCC,W-085,,KSPDB-SD04-D-0037-0032
P-002463,12.98386,77.644329,F-04-02,D-0037,33,P-002462,LT-9m-PCC,W-085,560034,
P-002464,12.983682,77.644482,F-04-02,D-0037,34,P-002463,LT-9m-Steel,W-085,560034,KSPDB-SD04-D-0037-0034
P-002465,12.983572,77.644616,F-04-02,D-0037,35,P-002464,LT-8m-PCC,W-085,560034,KSPDB-SD04-D-0037-0035
P-002466,12.983454,77.64494,F-04-02,D-0037,36,P-002465,LT-8m-Steel,W-085,560034,KSPDB-SD04-D-0037-0036
P-002467,12.983937,77.640357,F-04-02,D-0037,1,P-002447,LT-8m-Steel,W-085,560034,KSPDB-SD04-D-0037-0037
P-002468,12.983672,77.640462,F-04-02,D-0037,2,P-002467,LT-9m-PCC,W-085,560034,KSPDB-SD04-D-0037-0038
P-002469,12.983462,77.640648,F-04-02,D-0037,3,P-002468,LT-9m-Steel,W-085,560034,KSPDB-SD04-D-0037-0039
P-002470,12.983223,77.640856,F-04-02,D-0037,4,P-002469,LT-8m-Steel,W-085,560034,KSPDB-SD04-D-0037-0040
P-002471,12.983067,77.640958,F-04-02,D-0037,5,P-002470,LT-9m-Steel,W-085,560034,
P-002472,12.98279,77.641165,F-04-02,D-0037,6,P-002471,LT-8m-Steel,W-085,560034,KSPDB-SD04-D-0037-0042
P-002473,12.982587,77.641226,F-04-02,D-0037,7,P-002472,LT-8m-PCC,W-085,560034,KSPDB-SD04-D-0037-0043
P-002474,12.98234,77.641403,F-04-02,D-0037,8,P-002473,LT-8m-Steel,W-085,560034,KSPDB-SD04-D-0037-0044
P-002475,12.982142,77.641609,F-04-02,D-0037,9,P-002474,LT-9m-Steel,W-085,560034,KSPDB-SD04-D-0037-0045
P-002476,12.981957,77.641916,F-04-02,D-0037,10,P-002475,LT-8m-PCC,W-085,560034,
P-002477,12.981851,77.642074,F-04-02,D-0037,11,P-002476,LT-8m-PCC,W-085,560034,KSPDB-SD04-D-0037-0047
P-002478,12.981708,77.642218,F-04-02,D-0037,12,P-002477,LT-9m-PCC,W-085,560034,KSPDB-SD04-D-0037-0048
P-002479,12.981519,77.642315,F-04-02,D-0037,13,P-002478,LT-8m-Steel,W-085,560034,KSPDB-SD04-D-0037-0049
P-002480,12.981367,77.642408,F-04-02,D-0037,14,P-002479,LT-9m-PCC,W-085,560034,KSPDB-SD04-D-0037-0050
P-002481,12.981202,77.642618,F-04-02,D-0037,15,P-002480,LT-9m-Steel,W-085,560034,KSPDB-SD04-D-0037-0051
P-002482,12.981032,77.642736,F-04-02,D-0037,16,P-002481,LT-9m-PCC,W-085,560034,KSPDB-SD04-D-0037-0052
P-002483,12.980768,77.642883,F-04-02,D-0037,17,P-002482,LT-9m-PCC,W-085,560034,KSPDB-SD04-D-0037-0053
P-002484,12.980517,77.642976,F-04-02,D-0037,18,P-002483,LT-8m-PCC,W-085,560034,KSPDB-SD04-D-0037-0054
P-002485,12.980296,77.642999,F-04-02,D-0037,19,P-002484,LT-9m-PCC,W-085,560034,KSPDB-SD04-D-0037-0055
P-002486,12.979988,77.64301,F-04-02,D-0037,20,P-002485,LT-9m-Steel,W-085,560034,
P-002487,12.979657,77.643107,F-04-02,D-0037,21,P-002486,LT-9m-PCC,W-085,560034,KSPDB-SD04-D-0037-0057
P-002488,12.979373,77.6431,F-04-02,D-0037,22,P-002487,LT-9m-Steel,W-085,560034,KSPDB-SD04-D-0037-0058
P-002489,12.979214,77.643108,F-04-02,D-0037,23,P-002488,LT-9m-Steel,W-085,560034,KSPDB-SD04-D-0037-0059
P-002490,12.978907,77.642995,F-04-02,D-0037,24,P-002489,LT-9m-Steel,W-085,560034,KSPDB-SD04-D-0037-0060
P-002491,12.978627,77.642841,F-04-02,D-0037,25,P-002490,LT-8m-Steel,W-085,560034,KSPDB-SD04-D-0037-0061
P-002492,12.978481,77.642726,F-04-02,D-0037,26,P-002491,LT-8m-Steel,W-085,560034,KSPDB-SD04-D-0037-0062
P-002493,12.978334,77.642642,F-04-02,D-0037,27,P-002492,LT-9m-Steel,W-085,560034,KSPDB-SD04-D-0037-0063
P-002494,12.9781,77.642446,F-04-02,D-0037,28,P-002493,LT-9m-PCC,W-085,560034,
P-002495,12.977805,77.642317,F-04-02,D-0037,29,P-002494,LT-9m-PCC,W-085,560034,KSPDB-SD04-D-0037-0065
P-002496,12.977657,77.642169,F-04-02,D-0037,30,P-002495,LT-8m-PCC,W-085,560034,KSPDB-SD04-D-0037-0066
P-002497,12.97745,77.641961,F-04-02,D-0037,31,P-002496,LT-8m-Steel,W-085,560034,KSPDB-SD04-D-0037-0067
P-002498,12.984853,77.635808,F-04-02,D-0037,1,,LT-8m-PCC,W-085,560034,KSPDB-SD04-D-0037-0068
P-002499,12.985053,77.635812,F-04-02,D-0037,2,P-002498,LT-9m-PCC,W-085,560034,KSPDB-SD04-D-0037-0069
P-002500,12.985192,77.63576,F-04-02,D-0037,3,P-002499,LT-9m-PCC,W-085,560034,KSPDB-SD04-D-0037-0070
P-002501,12.985331,77.635662,F-04-02,D-0037,4,P-002500,LT-8m-Steel,W-085,560034,
P-002502,12.985564,77.635429,F-04-02,D-0037,5,P-002501,LT-9m-Steel,W-085,560034,KSPDB-SD04-D-0037-0072
P-002503,12.985644,77.635257,F-04-02,D-0037,6,P-002502,LT-8m-PCC,W-085,560034,KSPDB-SD04-D-0037-0073
P-002504,12.985732,77.634918,F-04-02,D-0037,7,P-002503,LT-9m-PCC,W-085,560034,KSPDB-SD04-D-0037-0074
P-002505,12.985745,77.634583,F-04-02,D-0037,8,P-002504,LT-9m-Steel,W-085,560034,KSPDB-SD04-D-0037-0075
P-002506,12.985717,77.634378,F-04-02,D-0037,9,P-002505,LT-9m-Steel,W-085,560034,KSPDB-SD04-D-0037-0076
P-002507,12.985587,77.634056,F-04-02,D-0037,10,P-002506,LT-9m-Steel,W-085,560034,KSPDB-SD04-D-0037-0077
P-002508,12.98557,77.633913,F-04-02,D-0037,11,P-002507,LT-9m-PCC,W-085,560034,KSPDB-SD04-D-0037-0078
P-002509,12.985562,77.633678,F-04-02,D-0037,12,P-002508,LT-9m-PCC,W-085,560034,KSPDB-SD04-D-0037-0079
P-002510,12.985559,77.633459,F-04-02,D-0037,13,P-002509,LT-8m-Steel,W-085,560034,KSPDB-SD04-D-0037-0080
P-002511,12.98557,77.633305,F-04-02,D-0037,14,P-002510,LT-9m-Steel,W-085,560034,KSPDB-SD04-D-0037-0081
P-002512,12.985548,77.633103,F-04-02,D-0037,15,P-002511,LT-8m-PCC,W-085,560034,KSPDB-SD04-D-0037-0082
P-002513,12.985422,77.632832,F-04-02,D-0037,16,P-002512,LT-8m-Steel,W-085,560034,KSPDB-SD04-D-0037-0083
P-002514,12.985349,77.63269,F-04-02,D-0037,17,P-002513,LT-9m-Steel,W-085,560034,KSPDB-SD04-D-0037-0084
P-002515,12.985244,77.632388,F-04-02,D-0037,18,P-002514,LT-8m-PCC,W-085,560034,KSPDB-SD04-D-0037-0085
P-002516,12.985156,77.632267,F-04-02,D-0037,19,P-002515,LT-8m-PCC,W-085,560034,KSPDB-SD04-D-0037-0086
P-002517,12.984987,77.632152,F-04-02,D-0037,20,P-002516,LT-8m-Steel,W-085,560034,KSPDB-SD04-D-0037-0087
P-002518,12.984751,77.632031,F-04-02,D-0037,21,P-002517,LT-9m-Steel,W-085,560034,KSPDB-SD04-D-0037-0088
P-002519,12.984538,77.631909,F-04-02,D-0037,22,P-002518,LT-9m-PCC,W-085,560034,KSPDB-SD04-D-0037-0089
P-002520,12.98436,77.631874,F-04-02,D-0037,23,P-002519,LT-8m-Steel,W-085,560034,KSPDB-SD04-D-0037-0090
P-002521,12.984181,77.631883,F-04-02,D-0037,24,P-002520,LT-8m-Steel,W-085,560034,KSPDB-SD04-D-0037-0091
P-002522,12.983968,77.631921,F-04-02,D-0037,25,P-002521,LT-8m-Steel,W-085,560034,KSPDB-SD04-D-0037-0092
P-002523,12.983827,77.631993,F-04-02,D-0037,26,P-002522,LT-8m-PCC,W-085,560034,KSPDB-SD04-D-0037-0093
P-002524,12.983574,77.632206,F-04-02,D-0037,27,P-002523,LT-9m-Steel,W-085,560034,KSPDB-SD04-D-0037-0094
P-002525,12.983278,77.632408,F-04-02,D-0037,28,P-002524,LT-9m-PCC,W-085,,KSPDB-SD04-D-0037-0095
P-002526,12.983149,77.632526,F-04-02,D-0037,29,P-002525,LT-9m-Steel,W-085,560034,
P-002527,12.98295,77.632607,F-04-02,D-0037,30,P-002526,LT-8m-Steel,W-085,560034,KSPDB-SD04-D-0037-0097
P-002528,12.982624,77.632731,F-04-02,D-0037,31,P-002527,LT-8m-PCC,W-085,560034,KSPDB-SD04-D-0037-0098
P-002529,12.982374,77.632744,F-04-02,D-0037,32,P-002528,LT-8m-PCC,W-085,560034,KSPDB-SD04-D-0037-0099
P-002530,12.982143,77.632725,F-04-02,D-0037,33,P-002529,LT-8m-Steel,W-085,560034,KSPDB-SD04-D-0037-0100
P-002531,12.981865,77.632617,F-04-02,D-0037,34,P-002530,LT-8m-PCC,W-085,560034,KSPDB-SD04-D-0037-0101
P-002532,12.981491,77.64263,F-04-02,D-0037,1,P-002481,LT-9m-Steel,W-085,560034,KSPDB-SD04-D-0037-0102
P-002533,12.981758,77.642539,F-04-02,D-0037,2,P-002532,LT-8m-PCC,W-085,560034,KSPDB-SD04-D-0037-0103
P-002534,12.982041,77.642473,F-04-02,D-0037,3,P-002533,LT-9m-Steel,W-085,560034,KSPDB-SD04-D-0037-0104
P-002535,12.982294,77.642344,F-04-02,D-0037,4,P-002534,LT-9m-Steel,W-085,560034,KSPDB-SD04-D-0037-0105
P-002536,12.982549,77.642131,F-04-02,D-0037,5,P-002535,LT-8m-PCC,W-085,560034,KSPDB-SD04-D-0037-0106
P-002537,12.982686,77.641986,F-04-02,D-0037,6,P-002536,LT-8m-Steel,W-085,560034,KSPDB-SD04-D-0037-0107
P-002538,12.982817,77.641808,F-04-02,D-0037,7,P-002537,LT-9m-Steel,W-085,560034,KSPDB-SD04-D-0037-0108
P-002539,12.982942,77.641717,F-04-02,D-0037,8,P-002538,LT-9m-PCC,W-085,560034,
P-002540,12.983175,77.641549,F-04-02,D-0037,9,P-002539,LT-9m-Steel,W-085,560034,KSPDB-SD04-D-0037-0110
P-002541,12.983289,77.641465,F-04-02,D-0037,10,P-002540,LT-8m-PCC,W-085,560034,KSPDB-SD04-D-0037-0111
P-002542,12.983494,77.641296,F-04-02,D-0037,11,P-002541,LT-9m-Steel,W-085,,KSPDB-SD04-D-0037-0112
P-002543,12.983759,77.641148,F-04-02,D-0037,12,P-002542,LT-9m-PCC,W-085,560034,
P-002544,12.98389,77.641027,F-04-02,D-0037,13,P-002543,LT-9m-PCC,W-085,560034,KSPDB-SD04-D-0037-0114
P-002545,12.9841,77.640838,F-04-02,D-0037,14,P-002544,LT-9m-PCC,W-085,560034,KSPDB-SD04-D-0037-0115
P-002546,12.984306,77.640671,F-04-02,D-0037,15,P-002545,LT-8m-Steel,W-085,560034,KSPDB-SD04-D-0037-0116
P-002547,12.984447,77.640619,F-04-02,D-0037,16,P-002546,LT-9m-PCC,W-085,560034,KSPDB-SD04-D-0037-0117
P-002548,12.984692,77.640419,F-04-02,D-0037,17,P-002547,LT-8m-Steel,W-085,560034,KSPDB-SD04-D-0037-0118
P-002549,12.984981,77.640285,F-04-02,D-0037,18,P-002548,LT-9m-PCC,W-085,560034,KSPDB-SD04-D-0037-0119
P-002550,12.98524,77.640276,F-04-02,D-0037,19,P-002549,LT-9m-PCC,W-085,560034,KSPDB-SD04-D-0037-0120
P-002551,12.985557,77.640254,F-04-02,D-0037,20,P-002550,LT-9m-Steel,W-085,560034,KSPDB-SD04-D-0037-0121
P-002552,12.985808,77.640239,F-04-02,D-0037,21,P-002551,LT-8m-PCC,W-085,560034,KSPDB-SD04-D-0037-0122
P-002553,12.986101,77.640201,F-04-02,D-0037,22,P-002552,LT-9m-PCC,W-085,560034,KSPDB-SD04-D-0037-0123
P-002554,12.986253,77.640143,F-04-02,D-0037,23,P-002553,LT-8m-PCC,W-085,560034,
P-002555,12.986551,77.639951,F-04-02,D-0037,24,P-002554,LT-8m-Steel,W-085,560034,KSPDB-SD04-D-0037-0125
P-002556,12.986663,77.639813,F-04-02,D-0037,25,P-002555,LT-8m-PCC,W-085,,KSPDB-SD04-D-0037-0126
P-002557,12.986764,77.639666,F-04-02,D-0037,26,P-002556,LT-8m-PCC,W-085,560034,KSPDB-SD04-D-0037-0127
P-002558,12.986934,77.639394,F-04-02,D-0037,27,P-002557,LT-9m-PCC,W-085,560034,KSPDB-SD04-D-0037-0128
P-002559,12.987059,77.639286,F-04-02,D-0037,28,P-002558,LT-8m-PCC,W-085,560034,
P-002560,12.987212,77.639208,F-04-02,D-0037,29,P-002559,LT-9m-PCC,W-085,560034,KSPDB-SD04-D-0037-0130
P-002561,12.987496,77.639043,F-04-02,D-0037,30,P-002560,LT-8m-Steel,W-085,560034,KSPDB-SD04-D-0037-0131
P-002562,12.987847,77.638992,F-04-02,D-0037,31,P-002561,LT-9m-PCC,W-085,560034,KSPDB-SD04-D-0037-0132
P-002563,12.988061,77.638959,F-04-02,D-0037,32,P-002562,LT-8m-PCC,W-085,560034,KSPDB-SD04-D-0037-0133
P-002564,12.97664,77.637038,F-04-02,D-0038,,,LT-9m-PCC,W-037,560034,
P-002565,12.976483,77.637088,F-04-02,D-0038,,,LT-8m-Steel,W-037,560034,KSPDB-SD04-D-0038-0002
P-002566,12.97634,77.637116,F-04-02,D-0038,,,LT-8m-PCC,W-037,560034,KSPDB-SD04-D-0038-0003
P-002567,12.976169,77.637148,F-04-02,D-0038,,,LT-8m-PCC,W-037,560034,KSPDB-SD04-D-0038-0004
P-002568,12.975991,77.637263,F-04-02,D-0038,,,LT-9m-Steel,W-037,560034,KSPDB-SD04-D-0038-0005
P-002569,12.975745,77.637475,F-04-02,D-0038,,,LT-9m-PCC,W-037,560034,KSPDB-SD04-D-0038-0006
P-002570,12.976583,77.637079,F-04-02,D-0038,,,LT-8m-Steel,W-037,560034,KSPDB-SD04-D-0038-0007
P-002571,12.976453,77.637117,F-04-02,D-0038,,,LT-8m-Steel,W-037,560034,KSPDB-SD04-D-0038-0008
P-002572,12.976246,77.637202,F-04-02,D-0038,,,LT-8m-PCC,W-037,560034,
P-002573,12.976771,77.637222,F-04-02,D-0038,,,LT-9m-Steel,W-037,560034,KSPDB-SD04-D-0038-0010
P-002574,12.976839,77.637569,F-04-02,D-0038,,,LT-9m-PCC,W-037,560034,KSPDB-SD04-D-0038-0011
P-002575,12.976999,77.63786,F-04-02,D-0038,,,LT-8m-PCC,W-037,560034,KSPDB-SD04-D-0038-0012
P-002576,12.97702,77.637998,F-04-02,D-0038,,,LT-8m-PCC,W-037,560034,KSPDB-SD04-D-0038-0013
P-002577,12.977046,77.638203,F-04-02,D-0038,,,LT-8m-PCC,W-037,560034,KSPDB-SD04-D-0038-0014
P-002578,12.977086,77.638061,F-04-02,D-0038,,,LT-8m-Steel,W-037,560034,KSPDB-SD04-D-0038-0015
P-002579,12.977112,77.638311,F-04-02,D-0038,,,LT-9m-Steel,W-037,560034,KSPDB-SD04-D-0038-0016
P-002580,12.977055,77.638561,F-04-02,D-0038,,,LT-8m-PCC,W-037,560034,KSPDB-SD04-D-0038-0017
P-002581,12.976976,77.638707,F-04-02,D-0038,,,LT-8m-PCC,W-037,560034,KSPDB-SD04-D-0038-0018
P-002582,12.976311,77.636983,F-04-02,D-0038,,,LT-8m-Steel,W-037,560034,KSPDB-SD04-D-0038-0019
P-002583,12.976413,77.63677,F-04-02,D-0038,,,LT-9m-PCC,W-037,560034,KSPDB-SD04-D-0038-0020
P-002584,12.976621,77.636524,F-04-02,D-0038,,,LT-9m-PCC,W-037,560034,KSPDB-SD04-D-0038-0021
P-002585,12.97682,77.6364,F-04-02,D-0038,,,LT-9m-PCC,W-037,560034,KSPDB-SD04-D-0038-0022
P-002586,12.976938,77.636272,F-04-02,D-0038,,,LT-8m-Steel,W-037,560034,KSPDB-SD04-D-0038-0023
P-002587,12.977115,77.636119,F-04-02,D-0038,,,LT-8m-Steel,W-037,560034,KSPDB-SD04-D-0038-0024
P-002588,12.97739,77.635932,F-04-02,D-0038,,,LT-9m-Steel,W-037,560034,KSPDB-SD04-D-0038-0025
P-002589,12.981995,77.63278,F-04-02,D-0039,,,LT-9m-PCC,W-050,560034,KSPDB-SD04-D-0039-0001
P-002590,12.982091,77.632517,F-04-02,D-0039,,,LT-9m-PCC,W-050,560034,KSPDB-SD04-D-0039-0002
P-002591,12.982121,77.632338,F-04-02,D-0039,,,LT-8m-Steel,W-050,560034,KSPDB-SD04-D-0039-0003
P-002592,12.982175,77.632183,F-04-02,D-0039,,,LT-9m-PCC,W-050,560034,KSPDB-SD04-D-0039-0004
P-002593,12.982325,77.631925,F-04-02,D-0039,,,LT-9m-PCC,W-050,560034,KSPDB-SD04-D-0039-0005
P-002594,12.982415,77.631707,F-04-02,D-0039,,,LT-8m-Steel,W-050,560034,KSPDB-SD04-D-0039-0006
P-002595,12.982543,77.631417,F-04-02,D-0039,,,LT-8m-Steel,W-050,560034,KSPDB-SD04-D-0039-0007
P-002596,12.982745,77.631191,F-04-02,D-0039,,,LT-8m-PCC,W-050,560034,KSPDB-SD04-D-0039-0008
P-002597,12.982853,77.631046,F-04-02,D-0039,,,LT-9m-PCC,W-050,560034,KSPDB-SD04-D-0039-0009
P-002598,12.982952,77.630782,F-04-02,D-0039,,,LT-9m-PCC,W-050,,KSPDB-SD04-D-0039-0010
P-002599,12.98305,77.63065,F-04-02,D-0039,,,LT-9m-Steel,W-050,,KSPDB-SD04-D-0039-0011
P-002600,12.982238,77.631956,F-04-02,D-0039,,,LT-9m-Steel,W-050,560034,KSPDB-SD04-D-0039-0012
P-002601,12.982267,77.631799,F-04-02,D-0039,,,LT-8m-PCC,W-050,560034,KSPDB-SD04-D-0039-0013
P-002602,12.982384,77.6316,F-04-02,D-0039,,,LT-8m-Steel,W-050,560034,KSPDB-SD04-D-0039-0014
P-002603,12.982562,77.631382,F-04-02,D-0039,,,LT-8m-Steel,W-050,560034,KSPDB-SD04-D-0039-0015
P-002604,12.982728,77.631251,F-04-02,D-0039,,,LT-9m-PCC,W-050,560034,
P-002605,12.982928,77.631097,F-04-02,D-0039,,,LT-8m-Steel,W-050,560034,KSPDB-SD04-D-0039-0017
P-002606,12.983075,77.630954,F-04-02,D-0039,,,LT-8m-Steel,W-050,560034,KSPDB-SD04-D-0039-0018
P-002607,12.983242,77.630845,F-04-02,D-0039,,,LT-8m-PCC,W-050,560034,KSPDB-SD04-D-0039-0019
P-002608,12.983447,77.630742,F-04-02,D-0039,,,LT-9m-Steel,W-050,560034,KSPDB-SD04-D-0039-0020
P-002609,12.983586,77.630697,F-04-02,D-0039,,,LT-9m-Steel,W-050,560034,KSPDB-SD04-D-0039-0021
P-002610,12.983732,77.630705,F-04-02,D-0039,,,LT-9m-Steel,W-050,560034,KSPDB-SD04-D-0039-0022
P-002611,12.983913,77.63068,F-04-02,D-0039,,,LT-8m-PCC,W-050,560034,KSPDB-SD04-D-0039-0023
P-002612,12.984249,77.63064,F-04-02,D-0039,,,LT-9m-PCC,W-050,560034,KSPDB-SD04-D-0039-0024
P-002613,12.98283,77.631431,F-04-02,D-0039,,,LT-8m-PCC,W-050,560034,KSPDB-SD04-D-0039-0025
P-002614,12.982857,77.63157,F-04-02,D-0039,,,LT-9m-PCC,W-050,560034,KSPDB-SD04-D-0039-0026
P-002615,12.982936,77.631897,F-04-02,D-0039,,,LT-8m-PCC,W-050,560034,
P-002616,12.982969,77.632204,F-04-02,D-0039,,,LT-8m-PCC,W-050,560034,KSPDB-SD04-D-0039-0028
P-002617,12.982968,77.632522,F-04-02,D-0039,,,LT-9m-PCC,W-050,560034,KSPDB-SD04-D-0039-0029
P-002618,12.982972,77.632746,F-04-02,D-0039,,,LT-8m-Steel,W-050,,KSPDB-SD04-D-0039-0030
P-002619,12.978678,77.634375,F-04-02,D-0040,,,LT-8m-Steel,W-042,560034,KSPDB-SD04-D-0040-0001
P-002620,12.978397,77.634259,F-04-02,D-0040,,,LT-8m-Steel,W-042,560034,KSPDB-SD04-D-0040-0002
P-002621,12.978121,77.634114,F-04-02,D-0040,,,LT-8m-PCC,W-042,560034,KSPDB-SD04-D-0040-0003
P-002622,12.977955,77.634009,F-04-02,D-0040,,,LT-9m-Steel,W-042,560034,KSPDB-SD04-D-0040-0004
P-002623,12.977837,77.633882,F-04-02,D-0040,,,LT-9m-Steel,W-042,560034,
P-002624,12.977687,77.633626,F-04-02,D-0040,,,LT-8m-PCC,W-042,560034,KSPDB-SD04-D-0040-0006
P-002625,12.977454,77.633412,F-04-02,D-0040,,,LT-8m-PCC,W-042,560034,KSPDB-SD04-D-0040-0007
P-002626,12.977242,77.633204,F-04-02,D-0040,,,LT-8m-PCC,W-042,560034,KSPDB-SD04-D-0040-0008
P-002627,12.977093,77.633063,F-04-02,D-0040,,,LT-8m-PCC,W-042,560034,KSPDB-SD04-D-0040-0009
P-002628,12.976927,77.632814,F-04-02,D-0040,,,LT-9m-Steel,W-042,560034,KSPDB-SD04-D-0040-0010
P-002629,12.976823,77.632672,F-04-02,D-0040,,,LT-8m-Steel,W-042,560034,KSPDB-SD04-D-0040-0011
P-002630,12.97677,77.632486,F-04-02,D-0040,,,LT-8m-Steel,W-042,560034,KSPDB-SD04-D-0040-0012
P-002631,12.976785,77.632315,F-04-02,D-0040,,,LT-8m-PCC,W-042,560034,KSPDB-SD04-D-0040-0013
P-002632,12.976711,77.631971,F-04-02,D-0040,,,LT-8m-PCC,W-042,560034,
P-002633,12.9767,77.631651,F-04-02,D-0040,,,LT-8m-PCC,W-042,560034,KSPDB-SD04-D-0040-0015
P-002634,12.976671,77.631457,F-04-02,D-0040,,,LT-8m-PCC,W-042,560034,KSPDB-SD04-D-0040-0016
P-002635,12.97657,77.631217,F-04-02,D-0040,,,LT-8m-Steel,W-042,560034,KSPDB-SD04-D-0040-0017
P-002636,12.976568,77.630999,F-04-02,D-0040,,,LT-8m-PCC,W-042,560034,KSPDB-SD04-D-0040-0018
P-002637,12.976548,77.630777,F-04-02,D-0040,,,LT-9m-PCC,W-042,560034,KSPDB-SD04-D-0040-0019
P-002638,12.976618,77.630484,F-04-02,D-0040,,,LT-8m-PCC,W-042,560034,
P-002639,12.976677,77.630186,F-04-02,D-0040,,,LT-8m-Steel,W-042,560034,KSPDB-SD04-D-0040-0021
P-002640,12.976751,77.629917,F-04-02,D-0040,,,LT-9m-PCC,W-042,560034,KSPDB-SD04-D-0040-0022
P-002641,12.97681,77.629778,F-04-02,D-0040,,,LT-8m-Steel,W-042,560034,KSPDB-SD04-D-0040-0023
P-002642,12.976861,77.629454,F-04-02,D-0040,,,LT-9m-Steel,W-042,560034,KSPDB-SD04-D-0040-0024
P-002643,12.976994,77.62912,F-04-02,D-0040,,,LT-9m-PCC,W-042,560034,KSPDB-SD04-D-0040-0025
P-002644,12.977206,77.628831,F-04-02,D-0040,,,LT-8m-Steel,W-042,560034,KSPDB-SD04-D-0040-0026
P-002645,12.977411,77.628534,F-04-02,D-0040,,,LT-9m-PCC,W-042,560034,KSPDB-SD04-D-0040-0027
P-002646,12.977529,77.62824,F-04-02,D-0040,,,LT-9m-Steel,W-042,560034,KSPDB-SD04-D-0040-0028
P-002647,12.977726,77.628004,F-04-02,D-0040,,,LT-8m-PCC,W-042,560034,KSPDB-SD04-D-0040-0029
P-002648,12.977928,77.627803,F-04-02,D-0040,,,LT-8m-Steel,W-042,560034,KSPDB-SD04-D-0040-0030
P-002649,12.978062,77.627554,F-04-02,D-0040,,,LT-9m-PCC,W-042,560034,
P-002650,12.978205,77.627262,F-04-02,D-0040,,,LT-9m-PCC,W-042,560034,KSPDB-SD04-D-0040-0032
P-002651,12.978329,77.627108,F-04-02,D-0040,,,LT-9m-Steel,W-042,560034,KSPDB-SD04-D-0040-0033
P-002652,12.978513,77.626844,F-04-02,D-0040,,,LT-9m-Steel,W-042,560034,KSPDB-SD04-D-0040-0034
P-002653,12.978583,77.626685,F-04-02,D-0040,,,LT-8m-Steel,W-042,560034,KSPDB-SD04-D-0040-0035
P-002654,12.978759,77.626439,F-04-02,D-0040,,,LT-9m-Steel,W-042,560034,KSPDB-SD04-D-0040-0036
P-002655,12.978987,77.626184,F-04-02,D-0040,,,LT-8m-PCC,W-042,560034,KSPDB-SD04-D-0040-0037
P-002656,12.97914,77.626096,F-04-02,D-0040,,,LT-8m-Steel,W-042,560034,KSPDB-SD04-D-0040-0038
P-002657,12.979458,77.626012,F-04-02,D-0040,,,LT-8m-PCC,W-042,560034,KSPDB-SD04-D-0040-0039
P-002658,12.979703,77.626011,F-04-02,D-0040,,,LT-8m-Steel,W-042,,KSPDB-SD04-D-0040-0040
P-002659,12.979979,77.625957,F-04-02,D-0040,,,LT-8m-Steel,W-042,560034,KSPDB-SD04-D-0040-0041
P-002660,12.980147,77.625991,F-04-02,D-0040,,,LT-8m-Steel,W-042,560034,KSPDB-SD04-D-0040-0042
P-002661,12.980347,77.626091,F-04-02,D-0040,,,LT-9m-PCC,W-042,,KSPDB-SD04-D-0040-0043
P-002662,12.980488,77.626147,F-04-02,D-0040,,,LT-8m-Steel,W-042,560034,KSPDB-SD04-D-0040-0044
P-002663,12.980632,77.626274,F-04-02,D-0040,,,LT-9m-PCC,W-042,560034,KSPDB-SD04-D-0040-0045
P-002664,12.980959,77.626408,F-04-02,D-0040,,,LT-8m-Steel,W-042,560034,
P-002665,12.981152,77.626576,F-04-02,D-0040,,,LT-8m-PCC,W-042,560034,KSPDB-SD04-D-0040-0047
P-002666,12.981427,77.626737,F-04-02,D-0040,,,LT-9m-PCC,W-042,560034,KSPDB-SD04-D-0040-0048
P-002667,12.978351,77.634126,F-04-02,D-0040,,,LT-8m-PCC,W-042,560034,KSPDB-SD04-D-0040-0049
P-002668,12.978156,77.633834,F-04-02,D-0040,,,LT-9m-Steel,W-042,560034,KSPDB-SD04-D-0040-0050
P-002669,12.978063,77.633533,F-04-02,D-0040,,,LT-9m-PCC,W-042,560034,
P-002670,12.978021,77.633181,F-04-02,D-0040,,,LT-9m-PCC,W-042,560034,KSPDB-SD04-D-0040-0052
P-002671,12.977959,77.632867,F-04-02,D-0040,,,LT-9m-PCC,W-042,560034,KSPDB-SD04-D-0040-0053
P-002672,12.978018,77.632552,F-04-02,D-0040,,,LT-8m-PCC,W-042,560034,KSPDB-SD04-D-0040-0054
P-002673,12.978068,77.632229,F-04-02,D-0040,,,LT-8m-Steel,W-042,560034,KSPDB-SD04-D-0040-0055
P-002674,12.978049,77.632073,F-04-02,D-0040,,,LT-9m-PCC,W-042,560034,KSPDB-SD04-D-0040-0056
P-002675,12.978099,77.631764,F-04-02,D-0040,,,LT-8m-Steel,W-042,560034,KSPDB-SD04-D-0040-0057
P-002676,12.978052,77.631441,F-04-02,D-0040,,,LT-9m-Steel,W-042,560034,KSPDB-SD04-D-0040-0058
P-002677,12.978053,77.631192,F-04-02,D-0040,,,LT-8m-Steel,W-042,560034,KSPDB-SD04-D-0040-0059
P-002678,12.978106,77.630935,F-04-02,D-0040,,,LT-9m-PCC,W-042,560034,KSPDB-SD04-D-0040-0060
P-002679,12.978205,77.630691,F-04-02,D-0040,,,LT-8m-Steel,W-042,560034,KSPDB-SD04-D-0040-0061
P-002680,12.978306,77.630585,F-04-02,D-0040,,,LT-9m-PCC,W-042,560034,
P-002681,12.978413,77.630466,F-04-02,D-0040,,,LT-9m-PCC,W-042,560034,KSPDB-SD04-D-0040-0063
P-002682,12.978509,77.630254,F-04-02,D-0040,,,LT-8m-PCC,W-042,560034,KSPDB-SD04-D-0040-0064
P-002683,12.978646,77.630126,F-04-02,D-0040,,,LT-8m-Steel,W-042,560034,KSPDB-SD04-D-0040-0065
P-002684,12.978838,77.630013,F-04-02,D-0040,,,LT-8m-Steel,W-042,560034,KSPDB-SD04-D-0040-0066
P-002685,12.979021,77.629933,F-04-02,D-0040,,,LT-8m-PCC,W-042,560034,KSPDB-SD04-D-0040-0067
P-002686,12.979234,77.629734,F-04-02,D-0040,,,LT-8m-Steel,W-042,560034,KSPDB-SD04-D-0040-0068
P-002687,12.97942,77.629498,F-04-02,D-0040,,,LT-9m-Steel,W-042,560034,KSPDB-SD04-D-0040-0069
P-002688,12.979507,77.629263,F-04-02,D-0040,,,LT-8m-PCC,W-042,560034,KSPDB-SD04-D-0040-0070
P-002689,12.979501,77.629073,F-04-02,D-0040,,,LT-8m-PCC,W-042,560034,KSPDB-SD04-D-0040-0071
P-002690,12.979424,77.628885,F-04-02,D-0040,,,LT-9m-Steel,W-042,560034,KSPDB-SD04-D-0040-0072
P-002691,12.979412,77.628671,F-04-02,D-0040,,,LT-8m-PCC,W-042,560034,KSPDB-SD04-D-0040-0073
P-002692,12.97943,77.62832,F-04-02,D-0040,,,LT-9m-PCC,W-042,560034,KSPDB-SD04-D-0040-0074
P-002693,12.979484,77.628182,F-04-02,D-0040,,,LT-9m-Steel,W-042,560034,KSPDB-SD04-D-0040-0075
P-002694,12.979627,77.627996,F-04-02,D-0040,,,LT-9m-PCC,W-042,560034,KSPDB-SD04-D-0040-0076
P-002695,12.979752,77.62787,F-04-02,D-0040,,,LT-8m-Steel,W-042,560034,KSPDB-SD04-D-0040-0077
P-002696,12.980005,77.627644,F-04-02,D-0040,,,LT-9m-PCC,W-042,560034,KSPDB-SD04-D-0040-0078
P-002697,12.980184,77.62743,F-04-02,D-0040,,,LT-9m-PCC,W-042,560034,KSPDB-SD04-D-0040-0079
P-002698,12.980439,77.627212,F-04-02,D-0040,,,LT-8m-Steel,W-042,560034,KSPDB-SD04-D-0040-0080
P-002699,12.980654,77.627088,F-04-02,D-0040,,,LT-8m-Steel,W-042,560034,KSPDB-SD04-D-0040-0081
P-002700,12.980833,77.62701,F-04-02,D-0040,,,LT-9m-PCC,W-042,560034,KSPDB-SD04-D-0040-0082
P-002701,12.981066,77.626794,F-04-02,D-0040,,,LT-8m-PCC,W-042,560034,KSPDB-SD04-D-0040-0083
P-002702,12.981254,77.626518,F-04-02,D-0040,,,LT-8m-PCC,W-042,,KSPDB-SD04-D-0040-0084
P-002703,12.981323,77.626208,F-04-02,D-0040,,,LT-8m-PCC,W-042,560034,KSPDB-SD04-D-0040-0085
P-002704,12.981405,77.626058,F-04-02,D-0040,,,LT-9m-Steel,W-042,560034,KSPDB-SD04-D-0040-0086
P-002705,12.981569,77.625783,F-04-02,D-0040,,,LT-9m-Steel,W-042,560034,KSPDB-SD04-D-0040-0087
P-002706,12.981623,77.625462,F-04-02,D-0040,,,LT-8m-Steel,W-042,560034,KSPDB-SD04-D-0040-0088
P-002707,12.981729,77.625252,F-04-02,D-0040,,,LT-8m-PCC,W-042,560034,KSPDB-SD04-D-0040-0089
